,PLAYER,TEAM_x,BOX OUTS,TEAM_y,C&S FGA,C&S EFG%,DRIVES,TEAM_x,MIN_x,FTA,FT%,OREB,DREB,TOV,BLK,TEAM_y,Under 10 Ft. FGA,Under 10 Ft. EFG%,TEAM_x,Outside DFG%,TEAM_y,MIN_y,TEAM_x,"POST
UPS",TEAM_y,"POTENTIAL
AST",TEAM_x,Pull-Up FGA,Pull-Up EFG%,TEAM_y,Rim DFGA,Rim DIFF%,TEAM,"SCREEN
ASSISTS",DEFLECTIONS,"CONTESTED
2PT SHOTS","CONTESTED
3PT SHOTS"
0,Aaron Gordon,DEN,0.5,DEN,2.5,55.7,3.5,DEN,31.7,3.1,74.3,1.7,4.2,1.8,0.6,DEN,5.8,66.7,DEN,34.8,DEN,2375.4,DEN,2.1,DEN,4.4,DEN,3.2,38.0,DEN,4.2,-2.1,DEN,0.7,0.9,3.5,1.9
1,Aaron Holiday,PHX,0.3,IND,2.1,58.0,6.4,PHX,16.2,1.1,86.8,0.4,1.6,1.1,0.1,PHX,2.5,52.5,PHX,35.3,PHX,1020.8,PHX,0.0,PHX,4.8,IND,1.6,43.9,PHX,2.1,-2.4,PHX,0.1,1.3,1.2,1.4
2,Aaron Nesmith,BOS,0.5,BOS,2.0,59.7,1.3,BOS,11.0,0.5,80.8,0.3,1.4,0.6,0.1,BOS,0.9,67.4,BOS,43.0,BOS,573.9,BOS,0.0,BOS,0.9,BOS,0.7,40.3,BOS,1.6,1.4,BOS,0.1,0.6,1.8,1.1
3,Abdel Nader,PHX,0.4,PHX,1.8,64.3,2.1,PHX,10.4,0.7,60.0,0.3,1.6,0.8,0.3,PHX,1.5,38.1,PHX,38.7,PHX,145.2,PHX,0.0,PHX,0.9,PHX,0.3,33.3,PHX,1.6,4.0,PHX,0.1,0.9,1.8,0.9
4,Al Horford,BOS,2.3,OKC,5.6,51.3,1.2,BOS,29.1,1.4,84.2,1.6,6.1,0.9,1.3,BOS,3.5,60.3,BOS,36.6,BOS,2004.8,BOS,1.9,BOS,5.6,OKC,1.2,42.6,BOS,4.8,-8.4,BOS,2.0,1.0,7.3,3.6
5,Alec Burks,NYK,0.2,NYK,3.0,56.8,6.2,NYK,28.6,3.3,82.2,0.6,4.3,1.1,0.3,NYK,2.2,41.9,NYK,33.3,NYK,2317.7,NYK,0.1,NYK,5.4,NYK,4.4,53.5,NYK,3.4,2.8,NYK,0.2,1.7,2.7,2.9
6,Aleksej Pokusevski,OKC,0.3,OKC,3.7,42.8,3.9,OKC,20.2,0.8,70.0,1.2,4.0,1.5,0.6,OKC,3.1,56.8,OKC,33.7,OKC,1232.7,OKC,0.0,OKC,4.0,OKC,2.8,32.4,OKC,4.0,-3.3,OKC,0.4,1.2,3.2,2.7
7,Alex Caruso,CHI,0.5,LAL,2.2,60.8,4.0,CHI,28.0,1.8,79.5,0.8,2.8,1.4,0.4,CHI,2.4,49.5,CHI,32.6,CHI,1146.8,CHI,0.0,CHI,6.8,LAL,1.0,34.5,CHI,3.6,5.7,CHI,0.6,3.4,2.3,2.6
8,Alex Len,SAC,1.5,WAS,0.5,37.1,0.3,SAC,15.9,1.6,65.1,1.3,2.8,1.1,0.6,SAC,3.4,60.2,SAC,40.6,SAC,620.2,SAC,0.4,SAC,1.9,WAS,0.0,50.0,SAC,4.2,-6.2,SAC,3.5,0.8,6.1,1.2
9,Alfonzo McKinnie,CHI,0.2,LAL,0.9,64.9,0.9,CHI,12.1,0.5,25.0,0.8,1.2,0.4,0.2,CHI,1.5,52.0,CHI,48.0,CHI,206.3,CHI,0.0,CHI,0.5,LAL,0.3,38.5,CHI,1.9,-6.7,CHI,0.3,0.5,1.2,0.9
10,Alize Johnson,NOP,0.7,BKN,0.6,35.0,0.3,NOP,7.3,0.5,58.3,1.2,1.4,0.5,0.0,NOP,1.4,48.5,NOP,36.1,NOP,167.2,NOP,0.0,NOP,0.7,BKN,0.3,50.0,NOP,1.4,9.0,NOP,0.7,0.3,1.0,0.8
11,Amir Coffey,LAC,0.3,LAC,1.2,55.9,3.1,LAC,22.7,1.7,86.3,0.4,2.5,0.7,0.2,LAC,2.2,59.5,LAC,38.0,LAC,1567.4,LAC,0.0,LAC,3.2,LAC,0.3,60.7,LAC,2.5,-5.7,LAC,0.2,1.1,1.8,1.1
12,Andre Drummond,BKN,2.1,LAL,0.5,4.5,1.0,BKN,19.7,2.2,52.4,3.1,6.2,1.6,0.9,BKN,5.7,58.0,BKN,39.4,BKN,1436.8,BKN,1.1,BKN,2.9,LAL,0.2,63.6,BKN,4.3,-4.9,BKN,2.9,2.1,5.2,1.4
13,Andre Iguodala,GSW,0.7,MIA,2.4,49.4,0.8,GSW,19.4,0.6,75.0,0.7,2.5,0.9,0.7,GSW,1.3,68.4,GSW,26.3,GSW,602.8,GSW,0.4,GSW,6.4,MIA,0.7,37.8,GSW,2.6,-5.3,GSW,0.5,1.8,1.8,1.2
14,Andrew Wiggins,GSW,0.7,GSW,3.7,57.5,6.9,GSW,31.9,3.2,63.4,1.2,3.3,1.5,0.7,GSW,5.3,59.7,GSW,33.4,GSW,2329.5,GSW,1.7,GSW,4.7,GSW,4.7,44.1,GSW,5.0,-4.5,GSW,0.4,1.4,4.1,4.3
15,Anfernee Simons,POR,0.1,POR,2.2,77.1,7.6,POR,29.5,2.0,88.8,0.5,2.2,2.0,0.1,POR,2.9,50.3,POR,39.9,POR,1681.0,POR,0.0,POR,8.4,POR,2.9,48.7,POR,3.7,11.6,POR,0.2,0.8,1.6,2.5
16,Anthony Davis,LAL,1.1,LAL,3.5,41.6,2.7,LAL,35.1,6.1,71.3,2.7,7.2,2.1,2.3,LAL,9.3,71.3,LAL,32.9,LAL,1404.2,LAL,6.3,LAL,6.0,LAL,5.1,39.7,LAL,7.0,-7.1,LAL,2.3,2.4,7.0,4.0
17,Anthony Edwards,MIN,0.1,MIN,3.4,49.6,10.8,MIN,34.2,3.9,78.6,0.9,3.9,2.6,0.6,MIN,7.0,56.9,MIN,37.4,MIN,2466.0,MIN,0.2,MIN,7.9,MIN,5.5,41.4,MIN,4.8,-1.0,MIN,0.2,2.5,2.6,2.5
18,Anthony Gill,WAS,0.6,WAS,0.8,35.7,1.2,WAS,10.5,1.2,80.8,0.8,1.2,0.4,0.3,WAS,1.9,57.3,WAS,30.1,WAS,463.4,WAS,0.1,WAS,1.0,WAS,0.2,75.0,WAS,1.3,-8.4,WAS,0.8,0.3,1.4,1.1
19,Armoni Brooks,TOR,0.1,HOU,5.9,60.3,1.3,TOR,15.6,0.4,85.7,0.4,1.5,0.5,0.2,TOR,0.6,68.8,TOR,34.4,TOR,843.8,TOR,0.0,TOR,2.3,HOU,2.3,46.7,TOR,1.7,-0.4,TOR,0.0,1.1,0.8,1.2
20,Austin Rivers,DEN,0.2,DEN,2.7,59.4,3.2,DEN,22.1,0.7,72.7,0.3,1.4,0.8,0.1,DEN,1.6,61.3,DEN,40.0,DEN,1479.9,DEN,0.0,DEN,2.7,DEN,1.6,35.6,DEN,2.5,4.8,DEN,0.0,1.4,1.4,1.2
21,Avery Bradley,LAL,0.7,HOU,3.2,45.3,1.0,LAL,22.7,0.3,88.9,0.5,1.7,0.6,0.1,LAL,1.3,49.4,LAL,39.5,LAL,1405.9,LAL,0.0,LAL,1.8,HOU,1.5,35.0,LAL,2.9,13.7,LAL,0.4,1.6,1.2,1.5
22,Bam Adebayo,MIA,3.2,MIA,1.6,47.5,3.6,MIA,32.6,6.1,75.3,2.4,7.6,2.6,0.8,MIA,9.1,63.9,MIA,31.4,MIA,1825.3,MIA,3.7,MIA,7.1,MIA,2.8,40.9,MIA,4.5,-2.9,MIA,3.8,2.4,4.9,2.9
23,Ben McLemore,POR,0.3,LAL,4.2,54.5,1.0,POR,20.1,1.4,81.8,0.2,1.4,0.9,0.2,POR,1.0,60.6,POR,40.6,POR,1284.9,POR,0.0,POR,1.6,LAL,1.5,32.1,POR,2.3,10.5,POR,0.1,1.0,0.9,1.6
24,Bismack Biyombo,PHX,1.3,CHA,0.1,14.3,0.0,PHX,14.1,2.0,53.5,1.8,2.9,0.7,0.7,PHX,3.8,64.4,PHX,38.3,PHX,505.9,PHX,0.5,PHX,1.0,CHA,0.1,0.0,PHX,3.0,-6.2,PHX,2.8,0.9,4.2,0.9
25,Blake Griffin,BKN,1.0,BKN,2.5,58.0,0.7,BKN,17.1,1.4,72.4,1.1,3.0,0.6,0.3,BKN,2.7,59.2,BKN,36.3,BKN,958.1,BKN,0.9,BKN,3.1,BKN,2.4,35.6,BKN,3.2,-2.2,BKN,1.6,0.9,2.7,1.8
26,Boban Marjanovic,DAL,0.5,DAL,0.5,30.6,0.0,DAL,5.6,1.0,59.1,0.3,1.3,0.7,0.1,DAL,1.9,67.4,DAL,48.6,DAL,127.9,DAL,2.4,DAL,0.3,DAL,0.2,42.9,DAL,1.5,3.5,DAL,0.5,0.0,1.6,0.3
27,Bobby Portis,MIL,2.9,MIL,2.8,67.3,1.5,MIL,28.2,1.6,75.2,2.5,6.6,1.3,0.7,MIL,4.8,56.6,MIL,34.1,MIL,2028.3,MIL,1.7,MIL,2.1,MIL,1.7,44.2,MIL,5.0,-5.8,MIL,1.7,1.6,5.4,3.6
28,Bogdan Bogdanovic,ATL,0.8,ATL,5.9,67.4,6.5,ATL,29.3,1.8,84.3,0.5,3.5,1.1,0.2,ATL,2.7,52.3,ATL,37.8,ATL,1848.5,ATL,0.2,ATL,5.0,ATL,3.9,51.2,ATL,4.0,2.2,ATL,0.4,1.9,2.6,3.2
29,Bojan Bogdanovic,UTA,0.8,UTA,5.0,58.7,6.2,UTA,30.9,3.8,85.8,0.8,3.4,1.7,0.0,UTA,4.9,58.1,UTA,41.2,UTA,2131.3,UTA,1.5,UTA,3.0,UTA,3.0,45.6,UTA,3.3,-2.6,UTA,0.3,0.7,1.9,2.4
30,Bol Bol,ORL,0.1,DEN,0.4,42.9,0.8,ORL,5.8,0.4,40.0,0.3,1.1,0.3,0.1,ORL,1.1,80.0,ORL,41.7,ORL,80.8,ORL,0.2,ORL,0.9,DEN,0.8,44.2,ORL,0.8,9.9,ORL,0.0,0.2,0.5,1.1
31,Brad Wanamaker,WAS,0.2,CHA,0.8,33.0,4.0,WAS,13.9,1.1,92.0,0.3,1.4,1.0,0.3,WAS,1.5,37.1,WAS,46.3,WAS,319.6,WAS,0.0,WAS,4.7,CHA,1.5,30.6,WAS,1.9,10.8,WAS,0.0,0.7,1.0,1.1
32,Bradley Beal,WAS,0.3,WAS,4.1,55.3,17.4,WAS,36.0,5.1,83.3,1.0,3.8,3.4,0.4,WAS,8.2,55.4,WAS,32.7,WAS,1439.0,WAS,0.4,WAS,12.0,WAS,9.0,46.7,WAS,4.2,3.6,WAS,0.5,1.9,2.3,2.3
33,Brandon Clarke,MEM,1.7,MEM,1.7,42.4,1.7,MEM,19.5,2.0,65.4,2.1,3.2,0.5,1.1,MEM,5.8,70.4,MEM,37.5,MEM,1246.0,MEM,0.2,MEM,2.2,MEM,0.7,35.0,MEM,3.3,-8.2,MEM,2.0,1.2,4.2,2.0
34,Brandon Goodwin,CLE,0.1,ATL,1.4,44.0,4.9,CLE,13.9,1.1,63.2,0.4,1.5,1.0,0.0,CLE,1.9,48.5,CLE,35.4,CLE,501.5,CLE,0.0,CLE,5.3,ATL,1.6,43.2,CLE,1.8,-2.5,CLE,0.1,1.2,0.9,0.9
35,Brandon Ingram,NOP,0.5,NOP,4.5,60.8,11.9,NOP,34.0,5.9,82.6,0.6,5.2,2.7,0.5,NOP,4.4,56.3,NOP,32.9,NOP,1869.2,NOP,1.4,NOP,10.7,NOP,9.4,46.9,NOP,3.7,2.3,NOP,0.5,1.4,3.0,3.0
36,Brodric Thomas,BOS,0.1,CLE,1.5,43.6,0.8,BOS,5.0,0.4,60.0,0.2,0.7,0.5,0.1,BOS,0.8,66.7,BOS,25.0,BOS,59.9,BOS,0.0,BOS,1.3,CLE,0.9,25.9,BOS,0.8,5.0,BOS,0.1,0.4,0.4,0.3
37,Brook Lopez,MIL,1.9,MIL,3.9,51.3,0.9,MIL,23.0,1.8,87.0,1.5,2.6,0.9,1.2,MIL,4.7,65.6,MIL,39.3,MIL,298.4,MIL,1.5,MIL,1.0,MIL,0.9,49.2,MIL,4.6,-18.5,MIL,2.9,1.3,8.1,2.3
38,Bruce Brown,BKN,0.4,BKN,1.0,42.5,2.6,BKN,24.6,1.8,75.8,1.4,3.4,0.8,0.7,BKN,4.9,57.2,BKN,29.7,BKN,1774.0,BKN,0.0,BKN,3.5,BKN,0.4,37.5,BKN,3.9,-6.7,BKN,0.9,2.3,2.6,2.3
39,Bruno Fernando,HOU,0.6,ATL,0.1,0.0,0.5,HOU,5.1,0.8,62.5,0.6,1.2,0.5,0.4,HOU,1.7,66.7,HOU,36.4,HOU,152.6,HOU,0.3,HOU,0.4,ATL,0.1,33.3,HOU,1.6,-8.6,HOU,0.4,0.2,1.3,0.5
40,Bryn Forbes,DEN,0.4,MIL,4.2,68.9,2.7,DEN,17.1,1.2,90.8,0.1,1.1,0.7,0.1,DEN,1.1,51.2,DEN,37.4,DEN,1285.9,DEN,0.0,DEN,2.3,MIL,2.5,54.6,DEN,1.8,2.4,DEN,0.1,0.5,0.5,0.8
41,Buddy Hield,IND,0.2,SAC,6.4,58.6,5.5,IND,30.8,1.6,87.4,0.8,3.5,1.9,0.3,IND,2.8,53.1,IND,37.2,IND,2498.8,IND,0.0,IND,5.2,SAC,5.7,52.4,IND,5.7,2.4,IND,0.4,1.7,3.4,2.4
42,CJ Elleby,POR,0.3,POR,0.8,37.0,2.9,POR,20.2,1.4,71.4,1.1,2.8,1.0,0.3,POR,2.5,49.3,POR,38.9,POR,1174.4,POR,0.0,POR,2.8,POR,0.7,38.1,POR,3.2,-4.1,POR,0.2,1.0,1.9,1.8
43,CJ McCollum,NOP,0.3,POR,3.6,69.8,11.2,NOP,34.6,2.7,68.2,0.9,3.5,2.0,0.4,NOP,5.3,53.4,NOP,39.9,NOP,2145.1,NOP,0.0,NOP,10.0,POR,10.9,51.6,NOP,4.2,1.3,NOP,0.2,1.6,2.9,3.5
44,Caleb Martin,MIA,0.6,CHA,2.2,38.6,3.1,MIA,22.9,1.6,76.3,1.2,2.7,0.9,0.5,MIA,3.5,60.4,MIA,29.4,MIA,1372.2,MIA,0.0,MIA,2.2,CHA,0.7,38.5,MIA,3.6,-2.7,MIA,0.4,1.9,2.1,2.9
45,Cam Reddish,NYK,0.3,ATL,3.6,41.0,4.5,NYK,20.7,2.3,90.2,0.5,1.6,1.2,0.3,NYK,2.7,54.2,NYK,32.9,NYK,1012.3,NYK,0.0,NYK,1.8,ATL,2.4,25.4,NYK,2.9,5.4,NYK,0.1,2.3,1.6,2.4
46,Cameron Johnson,PHX,0.8,PHX,5.3,53.9,3.0,PHX,26.2,1.7,86.0,0.6,3.5,0.7,0.2,PHX,2.3,65.1,PHX,36.8,PHX,1730.0,PHX,0.0,PHX,3.2,PHX,1.0,37.3,PHX,3.4,-1.9,PHX,0.4,1.3,2.9,2.2
47,Cameron Oliver,ATL,1.0,HOU,4.0,50.0,0.0,ATL,21.7,1.5,66.7,1.0,2.0,0.0,0.5,ATL,5.5,72.7,ATL,44.4,ATL,43.3,ATL,0.5,ATL,1.5,HOU,0.3,0.0,ATL,4.5,-13.9,ATL,4.5,2.0,3.5,1.0
48,Cameron Payne,PHX,0.3,PHX,1.6,72.2,9.7,PHX,22.0,1.5,84.3,0.4,2.6,1.8,0.3,PHX,4.6,46.6,PHX,34.2,PHX,1277.6,PHX,0.0,PHX,8.9,PHX,2.1,53.1,PHX,2.6,5.7,PHX,0.1,1.6,1.5,1.8
49,Caris LeVert,CLE,0.4,IND,2.3,50.0,14.9,CLE,30.7,3.3,75.6,0.7,2.9,1.9,0.4,CLE,6.2,54.7,CLE,37.6,CLE,1780.4,CLE,0.2,CLE,9.2,IND,8.1,45.8,CLE,3.5,5.5,CLE,0.2,1.6,2.2,2.8
50,Carmelo Anthony,LAL,1.6,POR,3.3,56.5,0.7,LAL,26.0,2.3,83.0,0.9,3.3,0.9,0.8,LAL,1.5,60.8,LAL,33.4,LAL,1793.2,LAL,2.6,LAL,1.6,POR,6.2,46.8,LAL,3.9,1.5,LAL,0.7,1.1,2.8,2.4
51,Carsen Edwards,DET,0.0,BOS,1.5,33.3,3.3,DET,19.8,0.3,100.0,0.5,1.0,1.3,0.0,DET,2.3,22.2,DET,31.3,DET,79.2,DET,0.0,DET,4.3,BOS,1.2,51.4,DET,2.0,20.0,DET,0.5,1.3,1.3,1.8
52,Cassius Stanley,DET,0.4,IND,0.5,37.5,3.0,DET,17.2,1.1,100.0,0.6,1.6,0.7,0.2,DET,2.8,56.0,DET,33.3,DET,155.0,DET,0.0,DET,1.2,IND,0.1,0.0,DET,1.8,-7.2,DET,0.2,0.7,1.8,1.3
53,Cassius Winston,WAS,0.0,WAS,0.6,80.8,2.0,WAS,5.6,0.6,100.0,0.0,0.1,0.4,0.0,WAS,0.3,0.0,WAS,50.0,WAS,39.0,WAS,0.0,WAS,2.6,WAS,0.7,34.4,WAS,0.6,35.0,WAS,0.0,0.3,0.4,0.0
54,Cedi Osman,CLE,0.3,CLE,4.1,45.4,3.5,CLE,22.1,2.0,66.4,0.4,1.8,1.0,0.2,CLE,2.7,60.2,CLE,35.6,CLE,1461.7,CLE,0.0,CLE,3.7,CLE,2.2,35.0,CLE,2.2,1.3,CLE,0.2,1.3,1.8,1.5
55,Chandler Hutchison,PHX,0.0,WAS,0.9,56.8,0.5,PHX,3.7,0.3,100.0,0.0,0.8,0.7,0.0,PHX,0.3,50.0,PHX,50.0,PHX,22.4,PHX,0.0,PHX,0.7,WAS,0.6,25.0,PHX,0.8,37.1,PHX,0.0,0.2,0.2,0.2
56,Charlie Brown Jr.,PHI,0.2,OKC,2.1,44.7,0.3,PHI,8.1,0.5,90.0,0.6,0.8,0.2,0.2,PHI,1.1,39.1,PHI,31.8,PHI,177.7,PHI,0.0,PHI,0.5,OKC,1.0,22.2,PHI,2.7,-11.4,PHI,0.1,0.8,0.9,0.6
57,Chimezie Metu,SAC,0.7,SAC,1.3,57.4,3.1,SAC,21.3,1.5,78.0,0.6,5.0,1.0,0.5,SAC,3.4,60.5,SAC,39.8,SAC,1278.7,SAC,0.6,SAC,1.8,SAC,0.9,39.1,SAC,3.8,-3.6,SAC,0.6,1.7,3.1,2.6
58,Chris Boucher,TOR,0.5,TOR,3.9,55.4,0.6,TOR,21.1,2.4,77.7,2.2,3.9,0.5,0.9,TOR,3.9,61.8,TOR,31.4,TOR,1690.1,TOR,0.1,TOR,0.8,TOR,0.5,57.1,TOR,3.7,-3.9,TOR,0.9,1.2,4.3,1.9
59,Chris Chiozza,GSW,0.1,BKN,0.8,33.3,3.7,GSW,10.9,0.1,66.7,0.3,0.8,0.9,0.0,GSW,0.5,23.5,GSW,33.8,GSW,371.9,GSW,0.0,GSW,3.8,BKN,1.9,41.5,GSW,1.7,1.4,GSW,0.1,0.6,0.7,0.9
60,Chris Paul,PHX,0.5,PHX,1.0,70.5,11.9,PHX,32.9,3.1,83.7,0.3,4.0,2.4,0.3,PHX,1.6,62.9,PHX,36.2,PHX,2139.0,PHX,0.2,PHX,19.6,PHX,9.5,53.4,PHX,3.5,3.0,PHX,0.4,2.7,0.9,1.7
61,Chris Silva,MIA,0.8,SAC,0.2,83.3,0.0,MIA,9.1,1.2,83.3,1.3,2.3,0.8,0.1,MIA,1.4,57.1,MIA,57.1,MIA,91.2,MIA,0.4,MIA,1.2,SAC,0.1,0.0,MIA,2.3,2.5,MIA,1.0,0.8,1.2,0.1
62,Christian Wood,HOU,1.4,HOU,4.5,51.9,4.4,HOU,30.8,4.9,62.3,1.6,8.5,1.9,1.0,HOU,6.8,62.7,HOU,38.8,HOU,2093.6,HOU,2.2,HOU,4.5,HOU,2.3,48.4,HOU,5.5,-2.8,HOU,1.9,1.2,6.5,4.0
63,Chuma Okeke,ORL,1.1,ORL,2.7,59.9,3.1,ORL,25.0,0.9,84.6,0.7,4.3,0.8,0.6,ORL,2.2,55.6,ORL,38.0,ORL,1748.8,ORL,0.2,ORL,3.4,ORL,2.2,39.6,ORL,4.0,-0.5,ORL,0.5,2.1,3.2,2.5
64,Clint Capela,ATL,3.0,ATL,0.1,0.0,0.2,ATL,27.6,2.3,47.3,3.8,8.1,0.6,1.3,ATL,8.1,61.7,ATL,39.3,ATL,2041.5,ATL,0.4,ATL,2.1,ATL,0.1,33.3,ATL,5.7,-4.2,ATL,3.9,1.4,7.7,2.0
65,Coby White,CHI,0.3,CHI,4.9,54.4,6.9,CHI,27.5,1.5,85.7,0.3,2.7,1.1,0.2,CHI,3.0,54.9,CHI,36.6,CHI,1674.9,CHI,0.0,CHI,4.7,CHI,4.0,45.5,CHI,4.2,0.3,CHI,0.4,0.9,3.4,2.5
66,Cody Martin,CHA,0.8,CHA,1.1,35.6,3.5,CHA,26.3,1.5,70.1,1.2,2.9,0.9,0.5,CHA,3.1,59.1,CHA,38.4,CHA,1865.6,CHA,0.1,CHA,4.2,CHA,0.5,44.4,CHA,3.6,0.4,CHA,0.5,2.3,1.9,2.2
67,Cody Zeller,POR,1.4,CHA,0.7,15.6,0.7,POR,13.1,1.8,77.6,1.9,2.8,0.7,0.2,POR,3.0,58.0,POR,41.8,POR,354.5,POR,0.0,POR,1.9,CHA,0.2,55.0,POR,3.2,3.4,POR,2.6,0.8,2.2,0.7
68,Cole Anthony,ORL,0.1,ORL,2.1,48.0,11.3,ORL,31.7,3.9,85.4,0.5,4.9,2.6,0.3,ORL,4.8,47.0,ORL,41.5,ORL,2059.4,ORL,0.0,ORL,11.1,ORL,4.2,44.4,ORL,3.8,0.4,ORL,0.2,1.3,2.3,2.4
69,Collin Sexton,CLE,0.0,CLE,2.6,60.5,11.4,CLE,28.8,3.5,74.4,1.2,2.1,2.8,0.0,CLE,7.1,64.1,CLE,31.4,CLE,316.4,CLE,0.0,CLE,5.9,CLE,7.0,44.7,CLE,2.8,2.1,CLE,0.0,1.4,2.4,1.4
70,Cory Joseph,DET,0.7,DET,1.9,48.3,6.8,DET,24.6,1.7,88.5,0.4,2.2,1.3,0.3,DET,2.5,53.1,DET,34.3,DET,1599.8,DET,0.1,DET,8.0,DET,1.8,42.9,DET,3.9,-0.9,DET,0.3,1.3,2.5,1.9
71,D'Angelo Russell,MIN,0.5,MIN,3.9,57.0,6.1,MIN,31.9,3.7,82.5,0.4,2.9,2.5,0.3,MIN,3.7,56.8,MIN,32.8,MIN,2076.6,MIN,0.2,MIN,12.6,MIN,7.8,47.3,MIN,5.1,1.9,MIN,0.3,1.9,2.0,2.6
72,D.J. Augustin,LAL,0.1,HOU,2.2,61.7,3.4,LAL,16.1,0.8,88.4,0.2,1.0,1.0,0.0,LAL,0.8,46.8,LAL,33.6,LAL,883.2,LAL,0.0,LAL,4.1,HOU,2.3,46.9,LAL,2.2,13.2,LAL,0.1,0.5,0.4,0.8
73,D.J. Wilson,TOR,0.5,HOU,2.4,51.2,1.0,TOR,13.5,2.5,80.0,0.3,3.8,0.5,0.3,TOR,1.8,100.0,TOR,42.9,TOR,54.1,TOR,0.3,TOR,2.0,HOU,0.7,45.8,TOR,3.8,-4.1,TOR,0.5,1.3,4.3,1.5
74,Damian Jones,SAC,0.8,SAC,0.5,39.5,0.7,SAC,18.2,2.3,71.8,1.3,3.1,1.1,0.8,SAC,3.5,74.2,SAC,42.2,SAC,1016.6,SAC,0.5,SAC,2.1,SAC,0.0,0.0,SAC,4.4,-4.5,SAC,2.6,1.0,5.6,2.3
75,Damian Lillard,POR,0.2,POR,2.4,67.4,14.9,POR,36.4,6.2,87.8,0.4,3.7,2.9,0.4,POR,5.6,52.5,POR,36.4,POR,1056.2,POR,0.2,POR,13.3,POR,10.9,52.3,POR,4.0,3.9,POR,0.1,1.4,1.8,2.2
76,Damion Lee,GSW,0.3,GSW,3.2,59.4,3.0,GSW,19.9,1.2,88.0,0.4,2.8,0.6,0.1,GSW,1.9,69.2,GSW,34.7,GSW,1256.5,GSW,0.0,GSW,2.2,GSW,0.8,52.3,GSW,2.7,3.3,GSW,0.3,0.9,1.4,2.2
77,Damyean Dotson,NYK,1.0,CLE,2.6,50.0,1.5,NYK,10.3,0.0,0.0,0.0,1.0,0.0,0.0,NYK,0.5,100.0,NYK,0.0,NYK,20.5,NYK,0.0,NYK,0.5,CLE,2.1,36.2,NYK,1.0,-53.2,NYK,0.0,0.0,0.0,0.5
78,Daniel Gafford,WAS,1.9,WAS,0.1,50.0,0.3,WAS,20.1,2.1,69.9,2.2,3.5,0.9,1.4,WAS,5.5,71.2,WAS,41.1,WAS,1444.0,WAS,0.5,WAS,1.7,WAS,0.0,0.0,WAS,5.6,-8.4,WAS,3.4,1.2,7.3,1.6
79,Daniel Oturu,TOR,0.3,LAC,0.3,38.9,1.0,TOR,9.1,1.7,60.0,0.3,1.3,0.0,0.7,TOR,1.7,60.0,TOR,85.7,TOR,27.3,TOR,0.0,TOR,0.3,LAC,0.2,20.0,TOR,2.0,-50.9,TOR,0.7,0.3,1.7,0.7
80,Daniel Theis,BOS,1.9,CHI,3.4,50.7,0.6,BOS,20.8,1.5,68.1,1.3,3.6,1.0,0.7,BOS,3.0,73.2,BOS,37.8,BOS,977.4,BOS,0.3,BOS,2.1,CHI,0.4,52.1,BOS,4.7,-1.3,BOS,2.0,1.0,5.2,2.6
81,Danilo Gallinari,ATL,0.7,ATL,4.6,58.4,2.5,ATL,25.3,2.4,90.4,0.5,4.1,0.6,0.2,ATL,1.7,59.6,ATL,35.1,ATL,1672.1,ATL,2.2,ATL,2.9,ATL,2.6,53.1,ATL,3.4,3.6,ATL,0.9,0.9,2.7,1.9
82,Danny Green,PHI,0.4,PHI,5.3,62.7,0.9,PHI,21.8,0.2,78.6,0.5,2.0,0.7,0.6,PHI,0.6,50.0,PHI,39.8,PHI,1353.4,PHI,0.0,PHI,1.7,PHI,1.5,46.0,PHI,3.2,2.2,PHI,0.3,2.0,3.2,2.2
83,Danuel House Jr.,UTA,0.7,HOU,3.0,50.5,2.2,UTA,17.3,1.4,75.9,0.4,2.2,0.8,0.4,UTA,1.6,46.2,UTA,42.1,UTA,727.0,UTA,0.0,UTA,1.9,HOU,2.0,48.6,UTA,2.0,0.0,UTA,0.1,1.0,2.3,1.4
84,Darius Bazley,OKC,0.5,OKC,3.7,42.4,5.4,OKC,27.9,2.5,68.8,1.0,5.3,1.3,1.0,OKC,5.2,52.4,OKC,35.4,OKC,1923.9,OKC,0.1,OKC,3.1,OKC,2.3,41.4,OKC,5.5,1.0,OKC,1.1,1.2,4.5,4.2
85,Darius Garland,CLE,0.3,CLE,2.6,63.7,17.5,CLE,35.7,3.5,89.2,0.6,2.7,3.6,0.1,CLE,6.3,53.8,CLE,37.7,CLE,2430.0,CLE,0.0,CLE,15.6,CLE,5.5,44.8,CLE,3.9,5.3,CLE,0.3,1.9,1.7,2.1
86,David Nwaba,HOU,0.5,HOU,2.0,44.2,1.7,HOU,13.2,1.5,71.6,0.9,2.4,0.5,0.4,HOU,2.7,54.4,HOU,41.4,HOU,608.9,HOU,0.0,HOU,1.4,HOU,0.2,0.0,HOU,2.7,1.6,HOU,0.3,1.0,1.5,0.7
87,Davis Bertans,DAL,0.7,WAS,6.9,60.9,0.9,DAL,14.4,0.7,90.0,0.2,1.9,0.3,0.2,DAL,0.6,47.2,DAL,38.1,DAL,806.3,DAL,0.0,DAL,0.9,WAS,0.9,37.0,DAL,2.2,2.6,DAL,0.4,0.7,2.4,0.7
88,De'Aaron Fox,SAC,0.1,SAC,1.6,58.4,16.7,SAC,35.3,5.9,75.0,0.4,3.5,2.8,0.4,SAC,8.0,57.2,SAC,37.8,SAC,2083.5,SAC,0.3,SAC,10.9,SAC,8.7,44.9,SAC,5.1,4.9,SAC,0.4,2.5,1.9,2.9
89,De'Andre Hunter,ATL,0.8,ATL,3.6,53.7,5.6,ATL,29.8,3.1,76.5,0.5,2.8,1.3,0.4,ATL,4.1,53.0,ATL,38.8,ATL,1577.2,ATL,0.5,ATL,2.2,ATL,3.1,44.4,ATL,3.9,-0.9,ATL,0.4,1.3,3.5,3.1
90,De'Anthony Melton,MEM,0.4,MEM,2.9,64.7,4.6,MEM,22.7,1.6,75.0,0.9,3.6,1.5,0.5,MEM,3.1,48.6,MEM,41.6,MEM,1656.8,MEM,0.0,MEM,4.8,MEM,2.0,51.4,MEM,4.4,1.7,MEM,0.3,2.8,1.8,1.7
91,DeAndre Jordan,PHI,1.6,BKN,0.0,0.0,0.0,PHI,13.0,0.8,55.0,1.7,3.8,0.8,0.7,PHI,2.9,65.2,PHI,40.6,PHI,622.4,PHI,0.2,PHI,0.7,BKN,0.0,0.0,PHI,2.4,-2.0,PHI,1.1,0.5,3.0,0.9
92,DeAndre' Bembry,MIL,0.2,TOR,0.9,37.5,1.8,MIL,18.3,0.6,60.0,0.8,2.2,0.6,0.4,MIL,3.2,60.7,MIL,31.7,MIL,1026.0,MIL,0.0,MIL,1.9,TOR,0.3,29.4,MIL,2.7,-3.6,MIL,0.1,1.9,1.1,0.8
93,DeMar DeRozan,CHI,0.7,SAS,2.0,40.0,15.0,CHI,36.1,7.8,87.7,0.7,4.4,2.4,0.3,CHI,5.4,58.0,CHI,37.9,CHI,2742.9,CHI,1.7,CHI,9.8,SAS,6.5,49.2,CHI,4.2,1.8,CHI,0.1,1.6,1.7,1.6
94,DeMarcus Cousins,DEN,1.4,LAC,3.2,51.1,2.0,DEN,14.9,2.6,76.0,1.5,4.1,1.8,0.4,DEN,3.9,57.1,DEN,27.7,DEN,717.2,DEN,2.0,DEN,3.1,LAC,0.1,80.0,DEN,3.4,-3.2,DEN,1.5,1.5,3.3,1.5
95,Dean Wade,CLE,0.7,CLE,3.3,55.0,1.2,CLE,19.2,0.6,66.7,0.6,2.3,0.3,0.1,CLE,1.0,71.7,CLE,40.5,CLE,980.2,CLE,0.0,CLE,2.1,CLE,0.3,40.9,CLE,3.2,-9.5,CLE,0.3,1.2,2.8,1.5
96,Deandre Ayton,PHX,1.5,PHX,1.6,41.7,0.5,PHX,29.5,2.4,74.6,2.6,7.7,1.6,0.7,PHX,8.7,67.7,PHX,35.5,PHX,1712.6,PHX,2.8,PHX,2.1,PHX,0.5,31.4,PHX,5.6,-5.8,PHX,5.4,1.0,8.7,2.7
97,Deividas Sirvydis,DET,0.3,DET,1.1,34.1,0.3,DET,8.9,0.0,0.0,0.0,2.0,0.0,0.3,DET,1.0,0.0,DET,0.0,DET,26.6,DET,0.0,DET,0.7,DET,0.4,93.8,DET,1.7,-5.6,DET,0.0,1.7,1.0,0.7
98,Dejounte Murray,SAS,0.6,SAS,2.7,47.0,17.9,SAS,34.8,3.6,79.4,1.2,7.1,2.6,0.3,SAS,7.2,55.6,SAS,36.1,SAS,2365.9,SAS,0.1,SAS,17.2,SAS,6.6,46.6,SAS,6.0,-2.8,SAS,0.2,4.0,2.5,2.6
99,Delon Wright,ATL,0.3,SAC,1.7,64.2,3.6,ATL,18.9,0.8,85.7,0.6,2.2,0.6,0.2,ATL,1.7,51.9,ATL,37.4,ATL,1452.5,ATL,0.0,ATL,4.8,SAC,1.6,36.3,ATL,2.5,6.4,ATL,0.2,1.9,1.6,1.2
100,Deni Avdija,WAS,0.4,WAS,3.0,47.9,3.9,WAS,24.2,1.7,75.7,0.6,4.5,1.1,0.5,WAS,3.4,55.8,WAS,34.6,WAS,1984.1,WAS,0.3,WAS,3.8,WAS,0.5,34.5,WAS,4.8,-5.8,WAS,0.3,1.3,3.9,2.3
101,Dennis Schroder,HOU,0.4,LAL,2.8,54.4,10.7,HOU,28.7,2.9,85.3,0.5,2.8,2.2,0.1,HOU,4.2,52.8,HOU,33.3,HOU,1837.5,HOU,0.0,HOU,8.8,LAL,4.0,40.5,HOU,3.8,-1.0,HOU,0.2,1.7,2.0,1.6
102,Dennis Smith Jr.,POR,0.1,DET,1.5,39.7,7.6,POR,17.3,1.7,65.6,0.5,1.8,1.4,0.3,POR,3.5,48.1,POR,36.0,POR,638.5,POR,0.0,POR,8.0,DET,2.4,44.5,POR,2.1,-1.5,POR,0.2,2.2,1.2,1.7
103,Denzel Valentine,UTA,0.3,CHI,3.1,51.0,1.0,UTA,9.2,0.0,0.0,0.4,1.4,0.5,0.0,UTA,0.5,38.5,UTA,39.4,UTA,222.0,UTA,0.0,UTA,1.5,CHI,2.3,41.1,UTA,1.6,-5.8,UTA,0.0,0.8,0.7,0.8
104,Derrick Favors,OKC,1.9,UTA,0.7,42.2,0.0,OKC,16.7,0.6,64.0,1.5,3.2,0.2,0.3,OKC,2.4,59.1,OKC,40.1,OKC,652.5,OKC,0.2,OKC,1.2,UTA,0.0,0.0,OKC,2.7,-5.5,OKC,2.0,0.9,4.0,1.4
105,Derrick Jones Jr.,CHI,0.8,POR,2.2,47.6,0.6,CHI,17.6,1.4,80.0,1.2,2.1,0.6,0.6,CHI,2.6,63.2,CHI,38.3,CHI,899.4,CHI,0.0,CHI,1.2,POR,0.2,40.9,CHI,2.8,-3.5,CHI,1.6,1.3,2.8,1.6
106,Derrick Rose,NYK,0.3,NYK,1.8,57.1,9.6,NYK,24.5,1.2,96.8,0.8,2.2,1.5,0.5,NYK,4.7,54.1,NYK,27.6,NYK,635.9,NYK,0.0,NYK,7.8,NYK,5.0,50.6,NYK,3.1,-8.8,NYK,0.1,1.3,2.0,1.9
107,Derrick White,BOS,0.5,SAS,5.3,55.0,10.3,BOS,29.3,3.1,86.4,0.5,3.0,1.6,0.8,BOS,4.0,54.8,BOS,37.4,BOS,2198.8,BOS,0.0,BOS,8.7,SAS,3.1,36.5,BOS,5.0,-7.0,BOS,0.4,1.6,4.2,2.5
108,Desmond Bane,MEM,0.3,MEM,3.1,67.8,5.3,MEM,29.8,2.0,90.3,0.6,3.8,1.5,0.4,MEM,4.2,55.0,MEM,34.9,MEM,2266.2,MEM,0.0,MEM,5.1,MEM,1.9,44.1,MEM,3.7,-4.5,MEM,0.3,1.8,2.9,2.8
109,Devin Booker,PHX,0.8,PHX,3.4,56.1,9.7,PHX,34.5,5.3,86.8,0.7,4.4,2.4,0.4,PHX,4.9,57.4,PHX,32.3,PHX,2344.6,PHX,0.7,PHX,8.4,PHX,9.2,48.8,PHX,4.8,-5.3,PHX,0.5,1.8,2.9,2.8
110,Devin Cannady,ORL,0.6,ORL,1.5,70.8,0.6,ORL,28.9,1.4,71.4,0.2,1.0,1.0,0.6,ORL,0.6,0.0,ORL,38.2,ORL,144.5,ORL,0.0,ORL,3.0,ORL,1.4,40.9,ORL,4.8,6.1,ORL,0.4,2.0,1.0,2.8
111,Devin Vassell,SAS,0.4,SAS,2.4,50.3,4.4,SAS,27.3,1.4,83.8,0.6,3.7,0.8,0.6,SAS,2.4,57.6,SAS,37.8,SAS,1936.9,SAS,0.0,SAS,3.5,SAS,1.6,42.9,SAS,4.1,-3.2,SAS,0.2,1.9,2.8,1.8
112,Devon Dotson,CHI,0.2,CHI,0.3,50.0,2.5,CHI,7.7,0.8,55.6,0.1,0.7,0.5,0.0,CHI,1.0,81.8,CHI,40.0,CHI,85.2,CHI,0.0,CHI,2.4,CHI,0.6,28.6,CHI,1.1,8.7,CHI,0.0,0.3,0.6,0.2
113,Devontae Cacok,SAS,0.3,LAL,0.0,0.0,0.6,SAS,8.1,0.5,57.1,0.5,2.3,0.2,0.5,SAS,1.9,69.0,SAS,50.0,SAS,121.0,SAS,0.3,SAS,0.8,LAL,0.0,0.0,SAS,1.9,1.5,SAS,0.5,0.7,1.0,0.8
114,Devonte' Graham,NOP,0.3,CHA,5.4,63.3,5.1,NOP,28.4,1.8,84.3,0.5,1.8,1.4,0.2,NOP,1.4,49.0,NOP,37.5,NOP,2161.6,NOP,0.0,NOP,7.7,CHA,5.3,41.7,NOP,2.8,7.3,NOP,0.5,1.6,1.0,2.2
115,Dewayne Dedmon,MIA,1.5,MIA,0.6,38.9,0.2,MIA,15.9,1.5,75.0,1.6,4.2,1.0,0.6,MIA,3.1,63.2,MIA,34.4,MIA,1065.2,MIA,0.4,MIA,1.3,MIA,0.0,0.0,MIA,2.8,-5.0,MIA,1.9,0.8,3.7,1.2
116,Didi Louzada,POR,0.1,NOP,2.7,37.5,2.1,POR,14.4,0.2,100.0,0.6,1.3,0.6,0.2,POR,0.8,14.3,POR,15.8,POR,129.4,POR,0.0,POR,1.4,NOP,0.3,0.0,POR,1.9,1.3,POR,0.1,1.1,1.3,1.9
117,Dillon Brooks,MEM,0.5,MEM,4.1,57.2,8.8,MEM,27.7,3.3,84.9,0.9,2.3,1.6,0.3,MEM,6.2,53.6,MEM,38.2,MEM,885.0,MEM,0.6,MEM,4.4,MEM,6.5,41.2,MEM,3.9,-2.9,MEM,0.2,2.3,2.7,2.8
118,Domantas Sabonis,SAC,2.4,IND,3.1,46.4,3.5,SAC,34.4,5.4,74.1,3.2,8.9,3.1,0.4,SAC,9.3,66.4,SAC,37.2,SAC,2135.8,SAC,4.8,SAC,9.4,IND,1.4,37.8,SAC,6.5,-1.6,SAC,5.5,1.5,6.6,2.3
119,Donovan Mitchell,UTA,0.7,UTA,3.2,64.3,15.2,UTA,33.8,4.7,85.3,0.8,3.4,3.0,0.2,UTA,7.4,56.3,UTA,36.0,UTA,2265.6,UTA,0.0,UTA,10.1,UTA,9.8,49.8,UTA,3.2,6.4,UTA,0.1,2.4,1.3,2.3
120,Donte DiVincenzo,SAC,0.2,MIL,3.7,57.1,4.6,SAC,23.9,2.0,84.3,1.0,3.1,1.7,0.2,SAC,2.2,43.0,SAC,38.2,SAC,1005.4,SAC,0.0,SAC,4.8,MIL,2.3,48.7,SAC,3.6,0.6,SAC,0.3,2.3,1.1,2.4
121,Dorian Finney-Smith,DAL,1.0,DAL,4.5,59.4,3.2,DAL,33.0,1.0,67.5,1.5,3.2,1.0,0.5,DAL,2.8,63.7,DAL,35.5,DAL,2643.6,DAL,0.1,DAL,3.7,DAL,0.7,41.3,DAL,4.5,-3.4,DAL,0.5,2.0,4.7,2.8
122,Doug McDermott,SAS,0.7,IND,3.3,56.4,3.4,SAS,24.0,1.0,78.4,0.4,1.9,0.8,0.1,SAS,3.2,53.0,SAS,40.3,SAS,1223.2,SAS,0.0,SAS,2.2,IND,1.3,57.9,SAS,2.9,5.4,SAS,0.2,0.3,2.4,1.8
123,Draymond Green,GSW,2.1,GSW,2.1,44.2,2.8,GSW,28.9,2.0,65.9,1.0,6.3,3.0,1.1,GSW,3.9,62.0,GSW,34.5,GSW,1329.0,GSW,1.3,GSW,14.1,GSW,0.6,11.1,GSW,3.9,-8.8,GSW,2.4,2.5,5.0,3.4
124,Drew Eubanks,POR,1.4,SAS,0.3,70.6,0.5,POR,17.5,1.8,76.2,1.8,3.5,1.1,0.6,POR,4.2,63.4,POR,38.7,POR,1244.6,POR,0.7,POR,2.4,SAS,0.1,66.7,POR,4.1,-1.6,POR,3.0,0.9,3.3,1.6
125,Duncan Robinson,MIA,0.6,MIA,6.4,62.4,1.8,MIA,25.9,0.8,83.6,0.3,2.3,0.8,0.2,MIA,1.1,59.0,MIA,38.6,MIA,2042.8,MIA,0.0,MIA,3.2,MIA,2.5,54.8,MIA,2.9,1.2,MIA,0.5,0.8,2.6,2.4
126,Dwight Howard,LAL,1.5,PHI,0.4,37.5,0.1,LAL,16.2,2.4,65.8,2.0,4.0,0.8,0.6,LAL,3.3,64.1,LAL,38.3,LAL,970.7,LAL,0.3,LAL,1.0,PHI,0.0,0.0,LAL,3.1,4.5,LAL,2.0,1.3,3.7,0.9
127,Dwight Powell,DAL,2.3,DAL,0.4,28.6,0.5,DAL,21.9,2.6,78.3,2.1,2.8,0.8,0.5,DAL,4.3,72.3,DAL,34.9,DAL,1798.2,DAL,0.1,DAL,1.9,DAL,0.0,150.0,DAL,4.9,-0.2,DAL,3.5,1.1,6.3,1.8
128,Dylan Windler,CLE,0.1,CLE,2.4,48.6,0.9,CLE,9.2,0.4,83.3,0.4,1.4,0.3,0.1,CLE,0.5,60.0,CLE,35.1,CLE,459.2,CLE,0.0,CLE,1.0,CLE,0.2,50.0,CLE,1.5,-6.9,CLE,0.1,0.6,0.8,0.9
129,Ed Davis,CLE,0.8,MIN,0.0,0.0,0.0,CLE,6.5,0.5,42.9,0.5,1.6,0.2,0.3,CLE,0.5,68.8,CLE,34.0,CLE,201.4,CLE,0.0,CLE,0.3,MIN,0.0,0.0,CLE,1.8,-7.0,CLE,0.7,0.2,1.4,0.4
130,Elfrid Payton,PHX,0.1,NYK,1.5,44.6,4.6,PHX,11.0,0.6,37.5,0.4,1.3,0.9,0.1,PHX,2.5,43.1,PHX,36.8,PHX,549.1,PHX,0.0,PHX,4.1,NYK,1.6,34.8,PHX,1.7,-6.6,PHX,0.2,0.9,0.8,1.2
131,Elijah Hughes,POR,0.1,UTA,0.8,76.7,1.8,POR,12.1,0.3,77.8,0.2,1.4,0.5,0.2,POR,0.8,63.0,POR,36.9,POR,434.5,POR,0.0,POR,1.7,UTA,0.7,20.8,POR,1.8,18.4,POR,0.0,0.5,0.6,1.2
132,Enes Freedom,BOS,1.4,POR,0.1,18.8,0.1,BOS,11.8,0.8,85.7,1.7,2.8,0.6,0.4,BOS,2.6,53.4,BOS,42.9,BOS,411.4,BOS,0.7,BOS,0.5,POR,0.1,20.0,BOS,1.9,-7.9,BOS,2.1,0.2,2.9,0.8
133,Eric Bledsoe,POR,0.4,NOP,4.0,52.7,9.4,POR,25.2,2.2,76.1,0.5,2.9,2.1,0.4,POR,3.5,56.8,POR,36.1,POR,1360.6,POR,0.0,POR,8.4,NOP,3.1,41.8,POR,3.3,0.1,POR,0.4,1.9,1.9,1.9
134,Eric Gordon,HOU,0.4,HOU,5.2,50.4,7.7,HOU,29.3,2.4,77.8,0.3,1.7,1.9,0.3,HOU,4.3,56.0,HOU,29.5,HOU,1669.5,HOU,0.0,HOU,5.7,HOU,2.7,47.9,HOU,2.5,1.6,HOU,0.3,0.9,1.4,1.1
135,Eric Paschall,UTA,0.5,GSW,1.6,45.3,2.4,UTA,12.7,1.5,76.7,0.5,1.3,0.5,0.1,UTA,2.0,58.1,UTA,40.1,UTA,736.5,UTA,0.1,UTA,1.3,GSW,1.9,53.3,UTA,1.5,10.9,UTA,0.5,0.4,1.5,1.2
136,Evan Fournier,NYK,0.4,BOS,3.7,61.6,5.0,NYK,29.5,1.4,70.8,0.4,2.2,1.3,0.3,NYK,2.1,48.8,NYK,34.3,NYK,2358.0,NYK,0.0,NYK,4.2,BOS,5.6,53.4,NYK,3.5,3.6,NYK,0.1,1.7,1.8,2.0
137,Facundo Campazzo,DEN,0.1,DEN,2.3,58.9,3.8,DEN,18.2,1.2,76.9,0.4,1.4,1.0,0.4,DEN,1.3,50.0,DEN,37.0,DEN,1184.0,DEN,0.0,DEN,6.6,DEN,1.4,33.3,DEN,2.3,-1.9,DEN,0.1,2.0,1.1,1.1
138,Frank Jackson,DET,0.2,DET,3.2,65.5,3.5,DET,22.0,2.0,82.7,0.4,1.3,0.7,0.2,DET,2.8,53.4,DET,39.0,DET,1164.0,DET,0.0,DET,1.9,DET,1.5,34.2,DET,2.6,0.9,DET,0.1,1.0,2.3,1.4
139,Frank Kaminsky,PHX,2.1,PHX,2.0,50.5,1.3,PHX,20.1,2.2,90.0,1.2,3.3,0.6,0.8,PHX,4.7,61.9,PHX,37.2,PHX,180.9,PHX,1.6,PHX,3.3,PHX,0.3,17.9,PHX,6.3,-6.1,PHX,4.0,1.3,6.7,0.6
140,Frank Ntilikina,DAL,0.3,NYK,1.2,65.4,2.1,DAL,11.8,0.4,96.0,0.2,1.2,0.5,0.1,DAL,1.0,45.8,DAL,27.6,DAL,684.7,DAL,0.0,DAL,2.3,NYK,1.0,38.2,DAL,1.8,-4.4,DAL,0.1,0.7,1.3,1.1
141,Fred VanVleet,TOR,0.7,TOR,5.1,56.7,13.0,TOR,37.9,3.4,87.4,0.7,3.8,2.6,0.5,TOR,3.3,45.0,TOR,36.7,TOR,2462.0,TOR,0.0,TOR,13.0,TOR,6.8,47.9,TOR,5.7,-4.5,TOR,0.5,3.9,2.1,3.0
142,Freddie Gillespie,ORL,1.1,TOR,0.5,20.0,0.3,ORL,13.2,0.8,42.9,1.4,2.6,0.6,1.0,ORL,2.0,38.9,ORL,41.7,ORL,118.7,ORL,0.0,ORL,1.6,TOR,0.2,25.0,ORL,4.0,-6.7,ORL,1.8,1.8,4.4,2.2
143,Furkan Korkmaz,PHI,0.2,PHI,3.7,58.6,3.7,PHI,21.1,1.3,81.0,0.3,2.3,0.7,0.1,PHI,2.1,58.2,PHI,35.3,PHI,1413.8,PHI,0.0,PHI,3.4,PHI,2.3,42.2,PHI,2.6,0.3,PHI,0.2,1.1,1.6,1.3
144,Gabe Vincent,MIA,0.6,MIA,2.3,43.8,5.0,MIA,23.4,0.8,81.5,0.3,1.5,1.4,0.2,MIA,1.6,55.0,MIA,32.4,MIA,1588.9,MIA,0.0,MIA,6.1,MIA,1.1,45.4,MIA,2.2,4.6,MIA,0.4,1.8,1.9,2.7
145,Gabriel Deck,OKC,0.1,OKC,1.3,30.8,1.0,OKC,7.9,0.0,0.0,0.1,0.7,0.3,0.0,OKC,0.9,66.7,OKC,33.3,OKC,55.6,OKC,0.1,OKC,1.0,OKC,1.7,52.9,OKC,1.3,-7.5,OKC,0.0,0.3,1.1,1.6
146,Garrett Temple,NOP,0.4,CHI,3.2,48.6,1.8,NOP,18.6,0.7,68.3,0.5,1.9,0.7,0.4,NOP,1.2,59.4,NOP,35.6,NOP,1098.4,NOP,0.0,NOP,2.4,CHI,1.5,44.0,NOP,2.6,-3.6,NOP,0.2,1.6,2.0,1.7
147,Garrison Mathews,HOU,0.6,WAS,2.7,57.6,1.2,HOU,26.3,2.8,79.4,0.5,2.4,0.6,0.4,HOU,1.1,61.8,HOU,37.6,HOU,1711.9,HOU,0.0,HOU,2.0,WAS,0.6,54.9,HOU,4.1,-2.5,HOU,0.2,1.4,2.1,1.7
148,Gary Clark,NOP,0.6,PHI,2.7,42.9,0.5,NOP,10.0,0.3,70.0,0.6,1.8,0.3,0.2,NOP,0.5,27.8,NOP,48.3,NOP,378.2,NOP,0.1,NOP,0.8,PHI,0.2,16.7,NOP,1.5,3.7,NOP,0.2,0.5,0.8,0.8
149,Gary Harris,ORL,0.3,ORL,2.7,52.4,3.7,ORL,28.4,1.6,87.4,0.6,1.4,1.0,0.1,ORL,2.6,58.4,ORL,38.3,ORL,1730.2,ORL,0.0,ORL,3.8,ORL,2.4,37.1,ORL,2.8,1.8,ORL,0.1,1.8,1.0,1.8
150,Gary Payton II,GSW,0.5,GSW,0.4,75.0,0.4,GSW,17.6,0.8,60.3,1.0,2.5,0.6,0.3,GSW,3.1,76.5,GSW,32.9,GSW,1247.7,GSW,0.3,GSW,2.2,GSW,0.0,0.0,GSW,2.5,-1.7,GSW,0.5,2.5,1.4,1.5
151,Gary Trent Jr.,TOR,0.2,TOR,4.3,59.4,4.5,TOR,35.0,2.9,85.3,0.4,2.4,1.0,0.3,TOR,3.1,47.7,TOR,39.8,TOR,2447.9,TOR,0.1,TOR,3.9,TOR,6.5,46.3,TOR,3.4,4.8,TOR,0.1,3.4,1.2,1.7
152,George Hill,MIL,0.7,PHI,1.9,66.1,3.4,MIL,23.2,1.1,91.9,0.7,2.2,0.8,0.1,MIL,2.1,59.5,MIL,37.4,MIL,1253.2,MIL,0.0,MIL,4.0,PHI,2.1,47.7,MIL,2.6,0.5,MIL,0.3,1.1,2.1,2.4
153,Georges Niang,PHI,0.7,UTA,3.7,66.2,3.0,PHI,22.8,0.8,88.1,0.3,2.3,0.8,0.2,PHI,1.9,56.6,PHI,41.1,PHI,1736.4,PHI,0.1,PHI,2.6,UTA,0.8,33.3,PHI,3.3,-3.3,PHI,0.7,0.7,2.9,2.0
154,Giannis Antetokounmpo,MIL,1.5,MIL,0.7,34.5,11.7,MIL,32.9,11.4,72.2,2.0,9.6,3.3,1.4,MIL,10.8,69.2,MIL,37.9,MIL,2204.2,MIL,4.6,MIL,11.4,MIL,5.9,41.6,MIL,5.1,-11.2,MIL,2.2,1.7,5.7,3.4
155,Goga Bitadze,IND,1.3,IND,1.8,40.2,0.3,IND,14.6,1.9,68.1,1.6,2.0,0.9,0.8,IND,3.2,66.7,IND,30.1,IND,728.9,IND,0.7,IND,1.8,IND,0.1,20.0,IND,4.3,0.3,IND,1.6,0.9,4.1,1.3
156,Goran Dragic,BKN,0.1,MIA,3.3,60.3,6.6,BKN,23.7,1.6,81.8,0.6,2.5,1.6,0.2,BKN,2.6,57.4,BKN,40.8,BKN,497.5,BKN,0.1,BKN,6.8,MIA,3.8,44.7,BKN,2.8,0.4,BKN,0.5,1.3,2.0,0.9
157,Gordon Hayward,CHA,0.6,CHA,4.2,61.9,8.3,CHA,31.9,3.0,84.6,0.8,3.8,1.7,0.4,CHA,4.3,52.2,CHA,38.0,CHA,1563.9,CHA,1.0,CHA,6.8,CHA,5.2,46.9,CHA,3.4,-3.0,CHA,0.6,1.3,3.1,2.2
158,Gorgui Dieng,ATL,0.8,SAS,1.9,65.5,0.5,ATL,8.4,0.6,73.1,0.7,2.0,0.5,0.3,ATL,0.5,61.9,ATL,42.2,ATL,371.2,ATL,0.2,ATL,1.3,SAS,0.6,47.9,ATL,1.8,-3.7,ATL,0.9,0.8,2.5,0.8
159,Grant Williams,BOS,1.5,BOS,2.0,56.0,1.6,BOS,24.4,1.2,90.5,0.8,2.7,0.8,0.7,BOS,2.0,62.1,BOS,36.0,BOS,1875.1,BOS,0.4,BOS,2.0,BOS,0.4,35.4,BOS,3.7,-1.2,BOS,0.9,1.0,4.7,2.6
160,Grayson Allen,MIL,0.5,MEM,4.1,59.3,4.4,MIL,27.3,1.1,86.5,0.5,2.9,0.7,0.3,MIL,2.1,55.6,MIL,36.2,MIL,1804.8,MIL,0.0,MIL,3.3,MEM,2.2,48.2,MIL,3.1,-3.1,MIL,0.3,1.4,2.2,3.2
161,Hamidou Diallo,DET,0.4,DET,1.2,49.2,5.0,DET,21.9,2.4,65.0,1.2,3.6,1.0,0.3,DET,5.4,61.0,DET,39.8,DET,1268.8,DET,0.1,DET,2.8,DET,2.0,36.1,DET,2.9,-5.4,DET,0.2,2.2,2.2,1.4
162,Harrison Barnes,SAC,1.0,SAC,3.0,63.0,8.1,SAC,33.6,5.4,82.6,1.1,4.5,1.5,0.2,SAC,5.4,54.6,SAC,39.9,SAC,2586.7,SAC,1.1,SAC,4.1,SAC,1.8,46.7,SAC,4.4,0.6,SAC,0.6,0.9,4.0,2.7
163,Hassan Whiteside,UTA,1.4,SAC,0.9,54.8,0.2,UTA,17.9,2.6,62.3,2.6,5.0,0.8,1.6,UTA,4.6,69.1,UTA,38.7,UTA,1162.2,UTA,0.8,UTA,0.7,SAC,0.3,16.7,UTA,4.5,-5.2,UTA,3.0,0.6,6.9,1.4
164,Ignas Brazdeikis,ORL,0.3,ORL,2.0,61.5,3.5,ORL,12.8,0.8,65.6,0.5,1.2,0.4,0.1,ORL,2.1,54.4,ORL,42.0,ORL,535.6,ORL,0.0,ORL,2.1,ORL,1.0,26.9,ORL,1.4,-10.5,ORL,0.1,0.3,1.4,1.1
165,Immanuel Quickley,NYK,0.3,NYK,1.9,69.6,7.4,NYK,23.1,2.6,88.1,0.4,2.8,1.3,0.0,NYK,2.1,53.1,NYK,34.1,NYK,1802.4,NYK,0.0,NYK,6.4,NYK,5.2,42.6,NYK,3.0,-5.3,NYK,0.2,1.1,2.1,2.5
166,Isaac Bonga,TOR,0.4,WAS,1.2,39.1,0.2,TOR,4.6,0.5,62.5,0.3,0.2,0.1,0.1,TOR,0.5,25.0,TOR,15.4,TOR,68.7,TOR,0.0,TOR,0.3,WAS,0.1,75.0,TOR,1.7,-6.1,TOR,0.3,0.5,0.9,0.8
167,Isaac Okoro,CLE,0.6,CLE,2.5,44.0,3.3,CLE,29.6,2.3,76.8,1.1,1.9,0.9,0.3,CLE,4.0,57.0,CLE,32.5,CLE,1980.9,CLE,0.0,CLE,3.6,CLE,1.0,29.7,CLE,3.4,0.2,CLE,0.2,1.4,3.1,1.7
168,Isaiah Hartenstein,LAC,1.4,CLE,0.4,38.2,1.1,LAC,17.9,1.9,68.9,1.7,3.2,1.2,1.1,LAC,4.2,66.1,LAC,36.0,LAC,1215.8,LAC,0.4,LAC,4.0,CLE,0.1,37.5,LAC,5.3,-10.3,LAC,2.4,1.1,6.9,1.9
169,Isaiah Joe,PHI,0.2,PHI,2.3,51.6,0.9,PHI,11.1,0.6,93.5,0.1,0.9,0.3,0.1,PHI,0.3,55.6,PHI,33.0,PHI,609.5,PHI,0.0,PHI,1.1,PHI,0.7,53.3,PHI,2.0,-0.8,PHI,0.1,0.5,0.9,0.8
170,Isaiah Roby,OKC,1.2,OKC,1.4,44.0,2.4,OKC,21.1,2.6,67.2,1.7,3.2,1.0,0.8,OKC,4.5,56.9,OKC,29.4,OKC,948.4,OKC,0.3,OKC,2.9,OKC,0.7,45.6,OKC,5.3,-1.8,OKC,1.9,1.7,5.1,1.9
171,Isaiah Stewart,DET,2.3,DET,1.4,51.1,0.3,DET,25.6,1.5,71.8,3.2,5.5,1.2,1.1,DET,5.7,54.6,DET,36.9,DET,1815.6,DET,1.3,DET,2.2,DET,0.1,42.9,DET,5.2,-11.2,DET,3.3,0.7,8.7,3.0
172,Isaiah Thomas,CHA,0.1,NOP,3.7,36.4,5.0,CHA,15.2,1.2,84.6,0.2,1.1,0.7,0.2,CHA,1.9,39.5,CHA,37.3,CHA,333.3,CHA,0.0,CHA,2.5,NOP,3.3,45.0,CHA,1.5,-8.0,CHA,0.5,0.6,0.8,0.9
173,Ish Smith,WAS,0.2,WAS,1.0,62.5,8.4,WAS,17.3,0.4,62.5,0.4,1.8,1.2,0.4,WAS,2.2,44.0,WAS,39.9,WAS,1126.0,WAS,0.0,WAS,7.2,WAS,3.2,37.0,WAS,2.0,5.1,WAS,0.2,1.1,1.1,1.0
174,Ivica Zubac,LAC,2.6,LAC,0.1,35.0,0.2,LAC,24.4,3.0,72.7,2.9,5.6,1.5,1.0,LAC,6.3,63.4,LAC,41.4,LAC,1851.7,LAC,2.4,LAC,2.7,LAC,0.0,100.0,LAC,5.7,-7.7,LAC,4.2,0.7,8.4,2.5
175,Ja Morant,MEM,0.2,MEM,1.8,42.5,20.9,MEM,33.1,7.3,76.1,1.4,4.4,3.4,0.4,MEM,12.1,58.0,MEM,34.9,MEM,1888.8,MEM,0.1,MEM,12.7,MEM,4.2,42.0,MEM,5.0,-8.2,MEM,0.3,2.0,1.5,1.9
176,JaMychal Green,DEN,1.4,DEN,3.4,60.3,0.3,DEN,16.2,1.4,87.1,1.2,3.0,0.9,0.4,DEN,2.6,63.6,DEN,37.1,DEN,1085.4,DEN,0.5,DEN,1.7,DEN,0.3,11.8,DEN,2.4,6.9,DEN,1.2,1.2,2.3,1.5
177,JaVale McGee,PHX,1.3,DEN,0.7,37.9,0.7,PHX,15.8,2.0,69.9,2.2,4.5,1.3,1.1,PHX,5.5,66.3,PHX,37.5,PHX,1171.7,PHX,0.9,PHX,1.1,DEN,0.7,21.2,PHX,4.2,-10.9,PHX,2.4,0.5,4.7,1.3
178,Jabari Parker,BOS,0.7,BOS,1.0,46.2,1.0,BOS,9.4,0.8,100.0,0.4,1.9,0.7,0.1,BOS,1.3,53.3,BOS,44.8,BOS,112.5,BOS,0.3,BOS,0.7,BOS,1.0,23.1,BOS,1.8,-1.9,BOS,0.3,0.7,2.2,0.9
179,Jaden McDaniels,MIN,0.7,MIN,2.9,55.7,2.9,MIN,25.8,1.0,80.3,1.1,3.1,1.1,0.8,MIN,3.6,60.2,MIN,35.6,MIN,1802.7,MIN,0.1,MIN,2.3,MIN,0.8,42.5,MIN,4.1,-12.1,MIN,0.3,1.6,4.4,3.0
180,Jae Crowder,PHX,0.9,PHX,6.0,58.5,1.4,PHX,28.1,1.3,78.9,0.4,4.8,0.8,0.4,PHX,1.1,58.7,PHX,35.5,PHX,1885.9,PHX,0.0,PHX,3.2,PHX,1.2,42.0,PHX,4.0,2.2,PHX,1.0,2.2,3.1,2.9
181,Jae'Sean Tate,HOU,1.6,HOU,2.7,46.8,5.2,HOU,26.4,2.4,70.7,1.7,3.7,1.8,0.5,HOU,6.6,57.6,HOU,36.3,HOU,2056.4,HOU,1.0,HOU,5.9,HOU,0.4,15.4,HOU,4.0,-3.1,HOU,0.8,1.5,3.4,2.4
182,Jahmi'us Ramsey,SAC,0.1,SAC,1.1,42.9,2.0,SAC,7.0,0.7,50.0,0.2,0.5,0.3,0.1,SAC,1.5,48.3,SAC,48.0,SAC,133.9,SAC,0.0,SAC,0.9,SAC,0.7,16.7,SAC,1.1,15.4,SAC,0.0,0.1,0.6,0.5
183,Jake Layman,MIN,0.3,MIN,1.4,46.2,0.6,MIN,6.8,0.5,72.2,0.2,0.9,0.3,0.1,MIN,0.9,61.3,MIN,37.8,MIN,230.6,MIN,0.0,MIN,0.7,MIN,0.5,35.7,MIN,1.0,3.5,MIN,0.0,0.3,0.7,0.7
184,Jakob Poeltl,SAS,2.4,SAS,0.6,47.6,1.0,SAS,29.0,2.8,49.5,3.9,5.5,1.6,1.7,SAS,8.1,64.3,SAS,37.9,SAS,1969.7,SAS,2.2,SAS,4.7,SAS,0.1,20.0,SAS,8.6,-8.2,SAS,5.5,1.7,11.5,2.7
185,Jalen Brunson,DAL,0.5,DAL,2.1,65.8,13.6,DAL,31.9,2.7,84.0,0.5,3.4,1.6,0.0,DAL,5.2,59.4,DAL,34.7,DAL,2524.0,DAL,0.4,DAL,10.1,DAL,3.1,50.7,DAL,3.1,5.3,DAL,0.3,1.0,1.3,2.4
186,Jalen McDaniels,CHA,0.6,CHA,2.2,52.5,3.1,CHA,16.3,1.3,73.6,0.7,2.4,0.7,0.4,CHA,2.3,58.9,CHA,35.4,CHA,895.2,CHA,0.0,CHA,2.0,CHA,0.6,37.9,CHA,3.4,-5.2,CHA,0.3,1.0,2.5,2.4
187,Jalen Smith,IND,1.3,PHX,0.8,33.3,0.8,IND,18.1,2.0,76.5,2.0,4.0,0.8,0.8,IND,3.5,64.9,IND,37.2,IND,924.2,IND,0.7,IND,1.0,PHX,0.0,0.0,IND,3.6,-5.5,IND,1.6,0.3,4.1,2.0
188,James Ennis III,DEN,0.6,ORL,2.0,69.0,1.3,DEN,7.9,0.7,80.0,0.7,1.0,0.3,0.3,DEN,2.1,53.3,DEN,45.5,DEN,55.6,DEN,0.0,DEN,0.9,ORL,1.1,50.0,DEN,1.1,-12.6,DEN,0.3,0.6,0.4,0.9
189,James Harden,PHI,0.8,BKN,0.9,57.3,16.0,PHI,37.2,8.2,87.7,0.8,6.8,4.4,0.6,PHI,6.7,49.9,PHI,35.7,PHI,2419.7,PHI,0.4,PHI,18.4,BKN,7.6,52.8,PHI,5.2,-0.7,PHI,0.5,2.1,2.4,2.5
190,James Johnson,BKN,0.8,NOP,2.0,41.7,2.9,BKN,19.2,0.9,52.7,0.8,2.6,0.8,0.5,BKN,3.2,58.2,BKN,41.5,BKN,1191.2,BKN,0.1,BKN,3.6,NOP,0.8,33.8,BKN,2.6,-7.6,BKN,0.8,1.1,2.5,2.3
191,Jared Harper,NOP,0.0,NYK,0.0,0.0,3.2,NOP,8.6,0.8,100.0,0.4,0.0,0.4,0.2,NOP,1.4,57.1,NOP,53.8,NOP,42.9,NOP,0.0,NOP,5.0,NYK,0.5,0.0,NOP,0.5,-46.7,NOP,0.0,0.6,0.8,1.2
192,Jaren Jackson Jr.,MEM,1.3,MEM,5.1,45.5,5.6,MEM,27.3,4.4,82.3,1.5,4.3,1.7,2.3,MEM,7.3,48.3,MEM,35.8,MEM,2126.2,MEM,1.8,MEM,2.1,MEM,0.9,0.0,MEM,5.1,-14.5,MEM,0.9,1.7,6.9,2.9
193,Jarred Vanderbilt,MIN,0.7,MIN,0.1,37.5,0.6,MIN,25.4,1.8,65.6,2.9,5.5,1.0,0.6,MIN,4.6,61.3,MIN,34.9,MIN,1880.5,MIN,0.0,MIN,2.5,MIN,0.1,0.0,MIN,4.0,-4.9,MIN,1.1,2.7,3.5,2.1
194,Jarrett Allen,CLE,2.4,CLE,0.7,46.8,1.1,CLE,32.3,4.2,70.8,3.4,7.3,1.7,1.3,CLE,8.8,70.6,CLE,33.3,CLE,1809.6,CLE,2.4,CLE,3.3,CLE,0.0,0.0,CLE,7.0,-15.1,CLE,3.5,1.4,9.1,2.7
195,Jarrett Culver,MEM,0.1,MIN,1.2,42.9,2.4,MEM,9.1,0.9,47.1,0.4,0.9,0.5,0.1,MEM,1.7,46.8,MEM,28.3,MEM,338.2,MEM,0.0,MEM,1.9,MIN,0.5,21.9,MEM,1.9,5.3,MEM,0.0,1.1,0.5,0.9
196,Javonte Green,CHI,0.7,CHI,0.7,50.0,1.2,CHI,23.4,1.5,83.3,1.4,2.8,0.5,0.5,CHI,3.2,64.8,CHI,37.5,CHI,1519.0,CHI,0.0,CHI,1.7,CHI,0.1,50.0,CHI,3.2,-4.3,CHI,0.6,2.1,2.5,1.8
197,Jaxson Hayes,NOP,0.9,NOP,0.5,48.2,0.8,NOP,20.0,2.7,76.6,1.6,2.9,0.8,0.8,NOP,4.5,69.6,NOP,34.3,NOP,1397.5,NOP,0.3,NOP,1.4,NOP,0.2,34.6,NOP,3.0,-4.6,NOP,1.0,1.1,4.0,2.0
198,Jay Scrubb,LAC,0.1,LAC,2.5,40.0,1.1,LAC,6.7,0.6,70.0,0.1,0.8,0.4,0.2,LAC,0.9,53.3,LAC,31.8,LAC,121.4,LAC,0.0,LAC,0.8,LAC,1.3,20.0,LAC,2.0,-10.8,LAC,0.1,0.6,0.6,0.5
199,Jaylen Brown,BOS,0.9,BOS,4.9,63.3,11.1,BOS,33.6,4.8,75.8,0.8,5.3,2.7,0.3,BOS,7.7,58.4,BOS,37.2,BOS,2220.5,BOS,1.4,BOS,6.4,BOS,6.4,48.1,BOS,4.2,-1.5,BOS,0.1,1.8,2.7,2.8
200,Jaylen Hoard,OKC,0.9,OKC,0.6,27.3,6.9,OKC,34.2,2.0,42.9,4.3,7.7,1.1,0.7,OKC,8.3,56.9,OKC,53.8,OKC,239.6,OKC,0.9,OKC,5.6,OKC,0.2,0.0,OKC,5.3,-1.7,OKC,1.0,1.7,4.6,3.1
201,Jaylen Nowell,MIN,0.2,MIN,2.6,50.0,4.4,MIN,15.7,1.5,78.3,0.4,1.6,0.6,0.2,MIN,2.8,55.0,MIN,34.9,MIN,974.8,MIN,0.0,MIN,3.5,MIN,2.6,48.6,MIN,2.0,6.6,MIN,0.1,0.7,1.1,1.1
202,Jayson Tatum,BOS,0.4,BOS,2.3,64.4,11.4,BOS,35.9,6.2,85.3,1.1,6.9,2.9,0.6,BOS,8.1,58.6,BOS,32.3,BOS,2731.0,BOS,1.7,BOS,8.7,BOS,9.6,45.9,BOS,4.5,-6.5,BOS,0.5,1.5,2.8,2.6
203,Jeff Green,DEN,0.7,BKN,3.6,64.4,1.5,DEN,24.7,2.6,83.3,0.5,2.5,0.9,0.4,DEN,4.0,68.4,DEN,34.6,DEN,1849.0,DEN,1.3,DEN,2.3,BKN,0.9,33.6,DEN,3.6,1.7,DEN,0.7,0.6,3.5,2.9
204,Jerami Grant,DET,1.1,DET,5.4,54.1,8.3,DET,31.9,5.5,83.8,0.6,3.5,1.8,1.0,DET,5.0,53.6,DET,41.7,DET,1499.9,DET,2.3,DET,5.3,DET,4.9,36.6,DET,3.6,-4.2,DET,0.5,1.6,3.6,2.1
205,Jeremy Lamb,SAC,0.1,IND,2.4,62.2,4.1,SAC,16.7,1.9,84.0,0.5,2.3,0.7,0.4,SAC,1.7,45.8,SAC,30.5,SAC,935.4,SAC,0.0,SAC,2.7,IND,3.0,53.7,SAC,2.7,5.6,SAC,0.1,1.1,1.2,1.3
206,Jevon Carter,MIL,0.1,PHX,2.1,59.2,1.2,MIL,13.7,0.3,83.3,0.2,1.5,0.5,0.2,MIL,0.3,27.3,MIL,30.1,MIL,905.2,MIL,0.0,MIL,2.2,PHX,1.1,49.2,MIL,2.0,0.9,MIL,0.1,1.1,0.8,1.1
207,Jimmy Butler,MIA,1.1,MIA,1.4,43.3,13.4,MIA,33.9,8.0,87.0,1.8,4.1,2.1,0.5,MIA,8.3,56.2,MIA,33.0,MIA,1930.8,MIA,3.4,MIA,10.7,MIA,3.9,39.8,MIA,3.2,2.0,MIA,0.8,2.6,2.0,1.8
208,Joe Harris,BKN,0.6,BKN,5.4,76.4,4.0,BKN,30.2,0.4,83.3,0.4,3.6,1.1,0.1,BKN,1.9,42.3,BKN,36.5,BKN,422.7,BKN,0.0,BKN,2.1,BKN,2.4,47.3,BKN,4.1,-3.0,BKN,0.5,0.8,4.2,2.2
209,Joe Ingles,POR,0.5,UTA,3.3,73.5,3.8,POR,24.9,0.5,77.3,0.3,2.6,1.0,0.1,POR,1.1,64.7,POR,28.4,POR,1122.1,POR,0.0,POR,6.9,UTA,3.0,60.4,POR,2.0,10.3,POR,0.4,1.0,0.9,1.7
210,Joel Embiid,PHI,2.6,PHI,3.3,53.6,5.3,PHI,33.8,11.8,81.4,2.1,9.6,3.1,1.5,PHI,7.6,64.3,PHI,37.4,PHI,2296.4,PHI,9.8,PHI,7.0,PHI,5.5,48.2,PHI,8.3,-6.6,PHI,3.2,1.7,7.6,1.9
211,John Collins,ATL,1.8,ATL,4.1,56.5,2.2,ATL,30.8,3.1,79.3,1.7,6.1,1.1,1.0,ATL,6.5,63.4,ATL,41.0,ATL,1662.6,ATL,2.9,ATL,2.6,ATL,1.0,55.3,ATL,5.4,-3.5,ATL,2.3,1.1,6.2,3.7
212,John Konchar,MEM,0.3,MEM,1.3,50.9,1.2,MEM,17.9,0.7,55.1,1.2,3.4,0.4,0.3,MEM,1.5,67.3,MEM,35.4,MEM,1291.5,MEM,0.0,MEM,3.4,MEM,0.2,100.0,MEM,3.2,-2.6,MEM,0.1,1.3,1.8,1.8
213,Jonas Valanciunas,NOP,3.5,MEM,1.6,48.5,1.3,NOP,30.3,3.9,82.0,3.1,8.3,2.4,0.8,NOP,8.2,61.7,NOP,37.4,NOP,2240.1,NOP,6.2,NOP,4.4,MEM,0.5,44.6,NOP,5.6,-0.7,NOP,3.9,1.0,7.6,2.0
214,Jordan Clarkson,UTA,0.3,UTA,4.1,55.3,10.1,UTA,27.1,2.2,82.8,0.8,2.6,1.6,0.2,UTA,5.1,55.0,UTA,31.9,UTA,2140.9,UTA,0.2,UTA,4.3,UTA,6.4,47.8,UTA,3.0,0.3,UTA,0.2,1.2,1.4,2.5
215,Jordan McLaughlin,MIN,0.2,MIN,1.3,59.1,2.8,MIN,14.5,0.6,75.0,0.4,1.2,0.6,0.2,MIN,1.7,55.3,MIN,40.0,MIN,901.6,MIN,0.0,MIN,5.5,MIN,0.8,33.3,MIN,1.9,-0.9,MIN,0.2,1.8,1.4,1.4
216,Jordan Nwora,MIL,0.1,MIL,1.4,47.6,2.8,MIL,19.1,0.7,83.7,0.6,3.0,0.9,0.3,MIL,2.2,56.1,MIL,36.2,MIL,1185.3,MIL,0.0,MIL,1.8,MIL,1.7,66.3,MIL,2.6,2.4,MIL,0.1,0.8,1.5,2.0
217,Jordan Poole,GSW,0.2,GSW,4.0,56.4,8.2,GSW,30.0,3.5,92.5,0.4,3.0,2.5,0.3,GSW,4.3,61.1,GSW,37.9,GSW,2283.3,GSW,0.0,GSW,7.3,GSW,2.7,44.6,GSW,2.9,0.7,GSW,0.3,1.2,1.3,2.4
218,Josh Green,DAL,0.2,DAL,0.6,25.0,2.3,DAL,15.5,0.7,68.9,0.8,1.6,0.7,0.2,DAL,2.1,63.1,DAL,32.7,DAL,1039.0,DAL,0.0,DAL,2.2,DAL,0.4,40.0,DAL,1.8,1.3,DAL,0.2,1.2,1.4,1.1
219,Josh Hart,POR,0.4,NOP,3.9,48.4,6.7,POR,33.2,3.9,75.8,1.1,6.0,2.1,0.2,POR,5.4,64.8,POR,37.1,POR,1791.0,POR,0.2,POR,8.5,NOP,0.7,46.9,POR,4.6,3.0,POR,0.2,1.8,3.4,3.5
220,Josh Jackson,SAC,0.4,DET,3.4,46.7,2.4,SAC,16.3,1.5,71.4,0.4,2.4,0.9,0.4,SAC,2.4,57.6,SAC,41.6,SAC,829.9,SAC,0.2,SAC,2.6,DET,2.4,43.0,SAC,2.6,-1.1,SAC,0.1,0.8,1.6,1.3
221,Josh Okogie,MIN,0.4,MIN,1.6,38.9,1.1,MIN,10.5,1.0,68.6,0.6,0.8,0.5,0.2,MIN,1.1,50.0,MIN,39.4,MIN,515.8,MIN,0.0,MIN,1.0,MIN,0.4,34.1,MIN,1.7,-8.2,MIN,0.2,1.1,1.2,1.2
222,Josh Richardson,SAS,0.3,DAL,3.8,49.3,4.8,SAS,24.6,1.7,88.9,0.6,2.2,1.0,0.4,SAS,2.1,50.0,SAS,37.2,SAS,1599.7,SAS,0.0,SAS,3.6,DAL,3.5,46.3,SAS,3.2,0.0,SAS,0.3,1.6,2.1,1.5
223,Jrue Holiday,MIL,0.7,MIL,2.1,55.3,13.0,MIL,32.9,2.7,76.1,1.0,3.5,2.7,0.4,MIL,6.5,55.8,MIL,39.0,MIL,2207.4,MIL,1.8,MIL,13.5,MIL,5.0,56.9,MIL,4.2,-2.0,MIL,0.2,2.7,2.5,3.8
224,Juan Toscano-Anderson,GSW,0.7,GSW,1.5,66.5,2.1,GSW,13.6,1.0,57.1,0.4,2.0,0.9,0.2,GSW,1.9,59.6,GSW,35.6,GSW,994.1,GSW,0.3,GSW,3.7,GSW,0.2,27.3,GSW,2.3,-1.1,GSW,0.8,1.2,1.9,1.1
225,Juancho Hernangomez,UTA,0.3,MIN,3.1,50.6,0.8,UTA,11.1,0.9,55.9,0.7,1.8,0.4,0.3,UTA,0.9,54.1,UTA,31.4,UTA,444.6,UTA,0.0,UTA,1.3,MIN,0.1,0.0,UTA,2.0,-0.5,UTA,0.3,0.4,1.4,0.8
226,Julius Randle,NYK,1.3,NYK,4.5,60.1,9.0,NYK,35.3,5.6,75.6,1.7,8.2,3.4,0.5,NYK,6.3,55.6,NYK,33.5,NYK,2543.9,NYK,4.6,NYK,10.3,NYK,8.1,45.4,NYK,4.4,-5.5,NYK,2.4,1.1,3.6,2.8
227,Justin Holiday,SAC,0.6,IND,5.2,56.5,1.9,SAC,27.8,0.8,80.6,0.4,2.2,0.9,0.4,SAC,1.3,52.5,SAC,39.5,SAC,2056.8,SAC,0.0,SAC,2.9,IND,1.7,52.8,SAC,3.6,3.8,SAC,0.5,1.8,2.6,2.3
228,Justin Robinson,DET,0.1,OKC,1.3,37.5,1.8,DET,12.1,0.3,50.0,0.2,0.7,0.7,0.0,DET,0.5,41.7,DET,37.0,DET,303.7,DET,0.0,DET,2.8,OKC,0.6,30.0,DET,1.9,7.5,DET,0.0,0.7,1.1,0.7
229,Justise Winslow,POR,0.5,MEM,2.1,27.3,2.4,POR,16.1,1.4,59.1,1.0,3.2,1.0,0.5,POR,3.2,55.3,POR,33.6,POR,774.7,POR,0.5,POR,2.8,MEM,2.0,28.8,POR,3.1,-5.9,POR,0.3,0.9,2.3,1.3
230,Jusuf Nurkic,POR,3.0,POR,1.0,55.3,0.8,POR,28.2,4.8,69.0,3.0,8.1,2.6,0.6,POR,9.0,58.4,POR,42.1,POR,1578.5,POR,5.8,POR,5.4,POR,0.2,42.9,POR,5.9,-0.5,POR,4.9,2.1,6.2,1.4
231,Juwan Morgan,BOS,1.5,UTA,0.4,34.6,0.0,BOS,15.5,0.0,0.0,1.0,1.0,0.0,0.0,BOS,0.5,100.0,BOS,27.3,BOS,31.0,BOS,0.0,BOS,0.5,UTA,0.0,150.0,BOS,2.0,4.2,BOS,0.0,1.0,0.0,3.0
232,KZ Okpala,MIA,0.9,MIA,1.3,31.3,1.4,MIA,11.6,0.5,72.7,0.5,1.4,0.2,0.3,MIA,1.9,50.0,MIA,31.7,MIA,244.1,MIA,0.0,MIA,1.6,MIA,0.1,60.0,MIA,2.3,-4.2,MIA,0.6,0.4,1.7,0.9
233,Karl-Anthony Towns,MIN,2.3,MIN,5.5,60.2,7.9,MIN,33.5,6.3,82.2,2.6,7.2,3.1,1.1,MIN,9.5,62.0,MIN,37.6,MIN,2475.5,MIN,5.6,MIN,7.0,MIN,2.0,32.8,MIN,5.6,-3.0,MIN,3.2,1.8,6.8,2.5
234,Keita Bates-Diop,SAS,0.4,SAS,0.5,37.5,1.3,SAS,16.2,1.0,75.4,1.1,2.9,0.8,0.2,SAS,3.1,59.3,SAS,34.6,SAS,956.5,SAS,0.2,SAS,1.3,SAS,0.3,31.3,SAS,2.7,-3.8,SAS,0.5,0.9,2.2,1.7
235,Kelan Martin,BOS,0.2,IND,1.4,51.0,2.4,BOS,15.0,0.4,69.2,0.6,1.3,0.5,0.3,BOS,1.8,54.5,BOS,26.1,BOS,449.7,BOS,0.0,BOS,1.5,IND,0.9,60.9,BOS,2.1,14.4,BOS,0.1,0.9,1.8,1.1
236,Keldon Johnson,SAS,1.3,SAS,2.3,50.6,8.0,SAS,31.9,3.1,75.6,1.1,5.0,1.2,0.2,SAS,6.8,53.6,SAS,38.0,SAS,2391.7,SAS,0.4,SAS,3.9,SAS,1.2,44.6,SAS,4.6,-6.7,SAS,0.8,1.3,3.0,2.7
237,Keljin Blevins,POR,0.2,POR,0.3,30.0,1.1,POR,11.3,0.4,54.5,0.5,0.9,0.5,0.0,POR,0.9,34.5,POR,30.9,POR,349.4,POR,0.0,POR,1.3,POR,0.2,0.0,POR,1.5,7.6,POR,0.2,0.7,0.5,1.1
238,Kelly Olynyk,DET,0.9,HOU,4.6,51.7,2.6,DET,19.1,2.2,77.5,1.4,3.1,1.5,0.5,DET,3.3,56.8,DET,40.2,DET,763.7,DET,1.4,DET,5.3,HOU,1.1,40.4,DET,4.6,-4.2,DET,1.9,1.8,3.8,2.1
239,Kelly Oubre Jr.,CHA,0.2,GSW,4.4,49.8,3.6,CHA,26.3,2.5,66.7,1.0,2.9,0.9,0.4,CHA,4.2,62.1,CHA,38.0,CHA,1999.2,CHA,0.0,CHA,1.9,GSW,2.1,36.1,CHA,3.8,0.4,CHA,0.2,2.5,1.7,1.9
240,Kemba Walker,NYK,0.1,BOS,2.7,59.1,7.4,NYK,25.6,1.9,84.5,0.4,2.6,1.3,0.2,NYK,2.6,49.5,NYK,37.4,NYK,947.7,NYK,0.0,NYK,6.5,BOS,8.5,47.4,NYK,4.0,4.8,NYK,0.1,1.2,1.8,2.8
241,Kenrich Williams,OKC,0.8,OKC,1.6,66.3,4.1,OKC,21.9,1.1,54.5,1.5,3.0,0.9,0.2,OKC,2.9,58.3,OKC,33.5,OKC,1072.3,OKC,0.3,OKC,4.2,OKC,1.4,47.8,OKC,2.5,-7.2,OKC,0.3,1.1,1.9,1.8
242,Kent Bazemore,LAL,0.2,GSW,2.5,62.4,1.0,LAL,14.0,0.4,76.5,0.3,1.4,0.5,0.2,LAL,0.9,36.1,LAL,38.5,LAL,544.6,LAL,0.0,LAL,1.5,GSW,1.1,31.8,LAL,2.7,-5.8,LAL,0.3,1.0,1.6,1.3
243,Kentavious Caldwell-Pope,WAS,0.7,LAL,3.8,62.2,3.5,WAS,30.2,2.0,89.0,0.5,2.9,1.3,0.3,WAS,2.3,52.2,WAS,34.7,WAS,2328.8,WAS,0.0,WAS,3.6,LAL,1.5,41.6,WAS,3.6,2.9,WAS,0.5,1.9,1.3,1.4
244,Kenyon Martin Jr.,HOU,0.6,HOU,2.0,56.3,2.4,HOU,21.0,1.6,63.4,1.0,2.7,0.8,0.5,HOU,4.5,62.0,HOU,29.9,HOU,1656.3,HOU,0.2,HOU,2.5,HOU,0.3,33.3,HOU,2.8,-2.3,HOU,1.0,0.7,2.4,1.8
245,Kevin Durant,BKN,0.8,BKN,4.3,63.5,9.8,BKN,37.2,7.4,91.0,0.5,6.9,3.5,0.9,BKN,3.8,64.3,BKN,34.8,BKN,2047.4,BKN,3.5,BKN,10.8,BKN,8.1,54.6,BKN,4.8,-8.4,BKN,0.3,1.6,4.1,4.0
246,Kevin Huerter,ATL,0.4,ATL,4.2,56.4,4.2,ATL,29.6,0.7,80.8,0.4,3.0,1.2,0.4,ATL,2.4,56.3,ATL,35.5,ATL,2188.5,ATL,0.0,ATL,4.7,ATL,3.3,50.4,ATL,3.9,3.2,ATL,0.3,1.8,2.5,2.5
247,Kevin Knox II,ATL,0.2,NYK,2.0,61.6,0.7,ATL,7.4,0.7,72.7,0.5,1.0,0.2,0.1,ATL,0.8,65.2,ATL,38.5,ATL,222.5,ATL,0.0,ATL,0.7,NYK,0.5,20.5,ATL,1.1,21.7,ATL,0.1,0.2,0.6,0.8
248,Kevin Love,CLE,1.5,CLE,5.8,49.3,0.8,CLE,22.5,2.7,83.8,1.2,6.1,1.3,0.2,CLE,2.0,60.9,CLE,33.8,CLE,1664.9,CLE,2.3,CLE,3.4,CLE,1.7,58.3,CLE,3.9,-7.0,CLE,0.8,0.6,2.3,2.4
249,Kevin Porter Jr.,HOU,0.4,HOU,2.2,50.9,9.4,HOU,31.3,3.2,64.2,0.7,3.7,3.1,0.4,HOU,4.7,50.4,HOU,34.0,HOU,1907.2,HOU,0.1,HOU,10.8,HOU,5.8,44.4,HOU,5.2,7.2,HOU,0.1,2.1,2.6,2.3
250,Kevon Looney,GSW,2.5,GSW,0.5,33.3,0.7,GSW,21.1,1.5,60.0,2.5,4.7,0.8,0.6,GSW,3.7,64.4,GSW,33.5,GSW,1732.3,GSW,0.2,GSW,3.6,GSW,0.1,44.4,GSW,4.3,-6.2,GSW,3.4,1.1,6.0,2.5
251,Khem Birch,TOR,1.4,TOR,1.6,39.9,0.4,TOR,18.0,1.3,74.6,2.2,2.1,0.5,0.5,TOR,2.6,54.9,TOR,33.3,TOR,991.2,TOR,0.2,TOR,2.2,TOR,0.3,36.8,TOR,3.5,-0.7,TOR,1.9,1.2,3.8,1.7
252,Khris Middleton,MIL,0.8,MIL,3.2,61.1,8.0,MIL,32.4,4.4,89.0,0.6,4.8,2.9,0.3,MIL,3.6,56.0,MIL,38.3,MIL,2141.3,MIL,2.1,MIL,10.0,MIL,7.9,51.6,MIL,4.2,-0.3,MIL,0.4,2.2,2.2,2.9
253,Killian Hayes,DET,0.4,DET,1.9,50.0,6.4,DET,25.0,1.1,77.0,0.5,2.6,1.7,0.5,DET,2.6,53.9,DET,38.3,DET,1647.0,DET,0.0,DET,8.5,DET,3.2,36.7,DET,3.7,0.6,DET,0.4,2.5,2.5,2.3
254,Killian Tillie,MEM,0.5,MEM,1.8,40.9,1.1,MEM,12.8,0.2,62.5,0.6,1.1,0.4,0.4,MEM,1.0,41.2,MEM,33.3,MEM,460.6,MEM,0.1,MEM,0.9,MEM,0.3,90.0,MEM,2.0,-4.7,MEM,0.1,0.9,1.8,1.0
255,Kira Lewis Jr.,NOP,0.0,NOP,1.6,54.1,4.5,NOP,14.2,0.5,83.3,0.4,1.3,1.1,0.0,NOP,2.6,59.7,NOP,45.1,NOP,341.1,NOP,0.0,NOP,4.3,NOP,1.5,27.1,NOP,1.8,-2.1,NOP,0.1,1.2,1.2,1.0
256,Kris Dunn,POR,0.2,ATL,0.5,0.0,9.0,POR,24.0,1.3,94.4,0.6,2.9,2.3,0.2,POR,4.6,50.0,POR,43.1,POR,336.3,POR,0.9,POR,10.6,ATL,0.3,0.0,POR,4.6,2.4,POR,0.3,2.9,1.5,1.9
257,Kristaps Porzingis,WAS,1.8,DAL,6.9,54.2,2.7,WAS,29.0,5.6,86.7,2.0,6.1,1.6,1.6,WAS,5.7,60.1,WAS,39.6,WAS,1480.6,WAS,5.1,WAS,3.4,DAL,2.9,41.5,WAS,6.1,-7.2,WAS,2.5,1.3,7.5,2.1
258,Kyle Anderson,MEM,0.7,MEM,3.2,52.3,3.8,MEM,21.5,1.5,63.8,1.0,4.3,1.0,0.7,MEM,3.8,52.1,MEM,36.9,MEM,1483.7,MEM,0.1,MEM,4.7,MEM,2.7,51.6,MEM,3.5,-5.1,MEM,0.6,2.0,2.9,2.1
259,Kyle Guy,MIA,0.3,SAC,1.2,37.5,2.3,MIA,9.8,0.6,66.7,0.2,0.7,0.7,0.1,MIA,0.9,41.2,MIA,43.9,MIA,185.7,MIA,0.0,MIA,2.1,SAC,0.7,54.5,MIA,1.9,2.0,MIA,0.2,0.6,0.6,0.9
260,Kyle Kuzma,WAS,1.1,LAL,4.9,55.8,8.2,WAS,33.4,3.3,71.2,1.1,7.4,2.6,0.9,WAS,5.6,61.8,WAS,35.3,WAS,2204.3,WAS,0.7,WAS,6.3,LAL,2.3,34.5,WAS,5.2,-5.3,WAS,0.6,0.8,4.9,1.9
261,Kyle Lowry,MIA,1.2,TOR,3.4,62.6,7.2,MIA,33.9,2.8,85.1,0.5,4.0,2.7,0.3,MIA,1.9,62.0,MIA,40.0,MIA,2133.2,MIA,0.2,MIA,14.1,TOR,6.0,49.3,MIA,4.1,3.7,MIA,0.7,2.2,1.5,2.3
262,Kyrie Irving,BKN,0.2,BKN,3.3,64.8,11.9,BKN,37.6,4.4,91.5,0.6,3.8,2.5,0.6,BKN,5.7,57.9,BKN,34.4,BKN,1091.5,BKN,0.7,BKN,11.2,BKN,9.2,54.5,BKN,4.9,-6.8,BKN,0.3,2.7,2.9,1.8
263,LaMarcus Aldridge,BKN,2.1,BKN,6.3,54.2,0.3,BKN,22.3,2.2,87.3,1.6,3.9,0.9,1.0,BKN,3.3,64.1,BKN,38.2,BKN,1050.1,BKN,2.6,BKN,2.0,BKN,2.0,45.1,BKN,4.1,-7.7,BKN,2.5,0.8,6.4,2.0
264,LaMelo Ball,CHA,0.2,CHA,3.0,58.8,13.8,CHA,32.3,3.2,87.2,1.4,5.2,3.3,0.4,CHA,5.8,49.7,CHA,36.2,CHA,2422.1,CHA,0.0,CHA,13.4,CHA,4.2,45.6,CHA,4.2,-1.3,CHA,0.1,2.8,1.8,1.9
265,Lamar Stevens,CLE,0.4,CLE,0.7,31.0,2.4,CLE,16.1,1.2,70.7,0.7,1.9,0.7,0.3,CLE,2.7,61.4,CLE,31.8,CLE,1014.9,CLE,0.2,CLE,1.7,CLE,1.0,31.7,CLE,2.4,-4.1,CLE,0.2,0.8,2.5,1.7
266,Landry Shamet,PHX,0.7,BKN,4.3,62.6,2.6,PHX,20.8,1.2,84.0,0.2,1.6,0.6,0.1,PHX,1.3,47.7,PHX,32.6,PHX,1437.4,PHX,0.0,PHX,3.0,BKN,1.9,39.0,PHX,2.3,-4.9,PHX,0.3,1.1,2.1,1.2
267,Langston Galloway,MIL,0.4,PHX,2.1,64.9,1.1,MIL,15.2,0.0,0.0,0.4,2.1,0.9,0.0,MIL,0.6,25.0,MIL,38.9,MIL,106.7,MIL,0.0,MIL,2.0,PHX,1.0,44.9,MIL,1.6,-6.1,MIL,0.3,0.3,1.6,1.3
268,Larry Nance Jr.,NOP,1.1,CLE,3.4,50.8,0.7,NOP,22.6,1.2,70.2,1.6,3.8,0.8,0.4,NOP,3.4,63.9,NOP,34.9,NOP,1040.1,NOP,0.6,NOP,3.7,CLE,0.4,46.7,NOP,3.4,9.0,NOP,2.1,2.0,2.8,1.6
269,Lauri Markkanen,CLE,1.1,CHI,5.8,60.1,2.3,CLE,30.8,2.6,86.8,1.0,4.7,0.9,0.5,CLE,4.2,59.5,CLE,37.5,CLE,1877.6,CLE,1.6,CLE,2.2,CHI,0.5,38.9,CLE,6.0,-1.2,CLE,0.7,1.5,5.3,2.9
270,LeBron James,LAL,0.9,LAL,2.4,51.9,8.7,LAL,37.2,6.0,75.6,1.1,7.1,3.5,1.1,LAL,9.8,70.7,LAL,33.3,LAL,2084.3,LAL,4.3,LAL,12.4,LAL,6.8,47.1,LAL,4.8,-8.6,LAL,1.0,2.0,3.6,2.0
271,Lonnie Walker IV,SAS,0.2,SAS,3.7,56.8,5.8,SAS,23.0,2.1,78.4,0.3,2.3,1.0,0.3,SAS,3.0,58.3,SAS,34.2,SAS,1612.3,SAS,0.0,SAS,3.8,SAS,3.1,40.4,SAS,2.7,-4.5,SAS,0.1,1.0,1.5,1.7
272,Lonzo Ball,CHI,0.4,NOP,6.0,60.3,4.1,CHI,34.6,0.8,75.0,1.0,4.4,2.3,0.9,CHI,2.0,54.9,CHI,38.9,CHI,1212.3,CHI,0.1,CHI,9.8,NOP,4.3,42.9,CHI,5.8,-6.1,CHI,0.7,3.2,3.6,3.1
273,Lou Williams,ATL,0.3,ATL,1.4,54.8,4.9,ATL,14.3,1.4,85.9,0.3,1.3,0.8,0.1,ATL,1.4,49.4,ATL,31.2,ATL,798.9,ATL,0.0,ATL,3.6,ATL,5.3,43.2,ATL,1.7,3.8,ATL,0.1,1.0,0.7,1.3
274,Louis King,SAC,0.0,SAC,1.3,37.5,1.4,SAC,10.4,1.0,70.0,0.0,1.2,0.0,0.1,SAC,0.5,60.0,SAC,45.0,SAC,103.6,SAC,0.0,SAC,1.7,SAC,1.8,45.5,SAC,2.7,-8.2,SAC,0.0,0.9,1.2,1.1
275,Luguentz Dort,OKC,0.5,OKC,5.1,55.7,10.5,OKC,32.7,3.7,84.3,0.7,3.4,1.7,0.4,OKC,5.7,51.9,OKC,34.9,OKC,1665.4,OKC,0.3,OKC,4.2,OKC,1.9,38.0,OKC,3.5,1.0,OKC,0.1,1.8,2.2,3.7
276,Luka Doncic,DAL,0.4,DAL,1.4,49.4,22.2,DAL,35.4,7.5,74.4,0.9,8.3,4.5,0.6,DAL,7.4,62.5,DAL,35.2,DAL,2300.7,DAL,3.7,DAL,17.0,DAL,11.7,52.5,DAL,5.5,-0.5,DAL,0.1,2.1,3.6,2.5
277,Luke Kennard,LAC,0.5,LAC,2.9,67.4,2.6,LAC,27.4,1.1,89.6,0.3,3.0,0.9,0.1,LAC,1.1,53.3,LAC,33.8,LAC,1919.1,LAC,0.0,LAC,3.7,LAC,2.4,53.0,LAC,3.7,-3.1,LAC,0.4,0.8,1.5,1.4
278,Luke Kornet,BOS,0.8,BOS,2.0,39.5,0.0,BOS,6.9,0.4,66.7,0.9,1.1,0.0,0.2,BOS,1.3,65.0,BOS,45.8,BOS,103.3,BOS,0.3,BOS,1.1,BOS,0.0,0.0,BOS,1.9,-15.5,BOS,0.8,0.3,2.7,0.7
279,Malachi Flynn,TOR,0.2,TOR,1.7,51.2,2.9,TOR,12.2,0.5,62.5,0.2,1.2,0.3,0.1,TOR,1.1,52.1,TOR,33.3,TOR,537.1,TOR,0.0,TOR,3.8,TOR,3.6,39.5,TOR,1.7,-8.0,TOR,0.1,0.8,0.9,0.9
280,Malcolm Brogdon,IND,0.3,IND,3.1,66.7,18.3,IND,33.5,4.6,85.6,0.9,4.2,2.1,0.4,IND,7.0,56.0,IND,31.7,IND,1206.2,IND,0.1,IND,11.9,IND,7.2,48.8,IND,4.3,-1.8,IND,0.1,1.4,3.1,2.0
281,Malik Beasley,MIN,0.3,MIN,6.5,61.3,2.0,MIN,25.0,0.8,81.7,0.3,2.5,0.5,0.2,MIN,1.6,48.0,MIN,33.2,MIN,1976.3,MIN,0.0,MIN,2.6,MIN,4.3,50.0,MIN,2.5,0.5,MIN,0.1,0.8,1.1,1.7
282,Malik Fitts,BOS,0.1,LAC,0.7,75.0,0.7,BOS,4.2,0.0,0.0,0.1,1.0,0.1,0.0,BOS,0.5,37.5,BOS,50.0,BOS,62.8,BOS,0.0,BOS,0.7,LAC,0.0,0.0,BOS,0.3,38.9,BOS,0.0,0.1,0.2,0.7
283,Malik Monk,LAL,0.1,CHA,3.0,62.4,7.0,LAL,28.1,1.5,79.5,0.5,2.9,1.6,0.4,LAL,4.1,61.0,LAL,34.5,LAL,2138.4,LAL,0.0,LAL,5.6,CHA,3.2,47.1,LAL,4.3,3.4,LAL,0.3,1.1,2.7,2.2
284,Mamadi Diakite,OKC,0.8,MIL,0.5,35.7,0.1,OKC,14.4,0.8,54.5,1.3,3.2,0.5,0.7,OKC,3.0,61.5,OKC,29.0,OKC,187.7,OKC,0.2,OKC,0.4,MIL,0.4,0.0,OKC,3.6,-0.9,OKC,1.7,1.0,4.6,0.8
285,Marcus Morris Sr.,LAC,0.9,LAC,4.8,73.0,3.7,LAC,29.0,2.7,87.2,0.5,3.9,1.3,0.3,LAC,1.7,48.9,LAC,35.3,LAC,1564.3,LAC,3.0,LAC,3.6,LAC,3.6,44.9,LAC,3.2,3.0,LAC,0.6,0.8,1.6,1.6
286,Marcus Smart,BOS,1.5,BOS,4.3,49.0,8.7,BOS,32.3,2.5,79.3,0.6,3.2,2.2,0.3,BOS,4.3,54.5,BOS,34.0,BOS,2295.8,BOS,0.9,BOS,10.2,BOS,3.2,45.8,BOS,3.0,1.7,BOS,0.6,2.9,2.3,2.9
287,Markelle Fultz,ORL,0.2,ORL,0.8,50.0,10.5,ORL,20.0,1.7,80.6,0.2,2.5,2.2,0.3,ORL,4.7,58.3,ORL,34.9,ORL,359.7,ORL,1.2,ORL,10.8,ORL,5.3,23.8,ORL,2.8,3.9,ORL,0.3,1.5,1.4,2.0
288,Markieff Morris,MIA,1.5,LAL,3.4,48.5,0.8,MIA,17.5,0.5,88.9,1.0,1.6,1.2,0.1,MIA,2.1,63.9,MIA,27.0,MIA,298.3,MIA,1.9,MIA,2.2,LAL,1.1,35.5,MIA,2.0,3.2,MIA,0.5,0.8,2.0,1.5
289,Markus Howard,DEN,0.0,DEN,1.0,39.2,0.9,DEN,5.7,0.7,87.0,0.1,0.3,0.2,0.0,DEN,0.7,35.0,DEN,25.0,DEN,176.5,DEN,0.0,DEN,0.5,DEN,1.2,50.0,DEN,0.5,15.9,DEN,0.0,0.2,0.1,0.6
290,Marquese Chriss,DAL,0.7,GSW,2.5,30.0,0.4,DAL,10.2,1.0,66.7,1.0,2.1,0.5,0.4,DAL,3.1,48.6,DAL,29.9,DAL,345.7,DAL,0.5,DAL,0.8,GSW,0.0,0.0,DAL,2.5,3.8,DAL,1.2,0.7,2.1,1.0
291,Marvin Bagley III,DET,1.1,SAC,2.5,48.6,2.4,DET,23.9,2.1,66.3,2.2,4.9,0.8,0.4,DET,6.3,60.9,DET,33.8,DET,1146.1,DET,1.4,DET,1.1,SAC,0.5,52.3,DET,3.5,-2.7,DET,1.0,0.6,3.6,3.7
292,Mason Jones,LAL,0.3,PHI,1.0,59.4,2.3,LAL,12.6,3.8,80.0,0.3,2.3,0.3,0.0,LAL,2.3,55.6,LAL,14.3,LAL,50.6,LAL,0.3,LAL,1.8,PHI,1.6,49.0,LAL,0.5,-8.2,LAL,0.5,0.8,0.3,0.8
293,Mason Plumlee,CHA,1.8,DET,0.4,16.0,1.4,CHA,24.6,2.3,39.2,2.4,5.3,1.4,0.7,CHA,4.2,66.1,CHA,33.4,CHA,1792.5,CHA,1.2,CHA,5.5,DET,0.4,28.6,CHA,6.3,-4.1,CHA,2.7,1.9,5.4,2.0
294,Matisse Thybulle,PHI,0.2,PHI,2.1,44.9,0.8,PHI,25.5,0.7,79.1,0.6,1.7,0.6,1.1,PHI,2.3,69.3,PHI,26.3,PHI,1685.3,PHI,0.0,PHI,1.9,PHI,0.2,38.5,PHI,3.4,-1.8,PHI,0.3,3.8,2.6,1.7
295,Matt Thomas,CHI,0.3,UTA,1.1,51.0,0.4,CHI,11.5,0.5,80.0,0.1,1.2,0.2,0.1,CHI,0.1,50.0,CHI,28.8,CHI,459.5,CHI,0.0,CHI,1.0,UTA,1.3,52.5,CHI,2.0,-4.0,CHI,0.3,0.3,0.8,0.8
296,Maurice Harkless,SAC,0.2,SAC,2.1,41.1,1.1,SAC,18.4,0.6,71.4,0.3,2.1,0.7,0.5,SAC,1.6,68.9,SAC,32.8,SAC,863.5,SAC,0.1,SAC,1.0,SAC,0.4,53.3,SAC,2.5,1.9,SAC,0.2,1.7,2.1,1.6
297,Max Strus,MIA,0.7,MIA,3.4,54.5,1.6,MIA,23.3,0.8,79.2,0.4,2.6,0.8,0.2,MIA,1.5,60.2,MIA,35.8,MIA,1587.1,MIA,0.0,MIA,2.2,MIA,0.4,21.4,MIA,2.9,0.6,MIA,0.3,0.8,2.3,2.5
298,Maxi Kleber,DAL,1.8,DAL,4.3,61.7,1.2,DAL,24.6,1.1,70.8,1.2,4.7,0.8,1.0,DAL,1.2,71.2,DAL,30.8,DAL,1449.9,DAL,0.2,DAL,2.8,DAL,0.5,28.8,DAL,4.3,-6.5,DAL,1.9,0.8,5.4,2.1
299,Michael Porter Jr.,DEN,0.2,DEN,5.3,66.4,2.4,DEN,29.4,1.0,55.6,1.0,5.6,1.3,0.2,DEN,3.0,55.6,DEN,31.6,DEN,265.0,DEN,0.2,DEN,3.3,DEN,3.0,52.4,DEN,4.2,16.0,DEN,0.4,2.6,2.2,2.2
300,Mikal Bridges,PHX,0.6,PHX,4.3,60.4,4.4,PHX,34.8,1.9,83.4,0.9,3.3,0.8,0.4,PHX,4.1,72.4,PHX,34.7,PHX,2854.4,PHX,0.2,PHX,4.4,PHX,1.3,56.5,PHX,4.5,1.0,PHX,0.3,2.0,3.1,2.8
301,Mike Conley,UTA,0.3,UTA,2.5,60.8,12.1,UTA,28.6,2.3,79.6,0.7,2.4,1.7,0.3,UTA,3.7,47.9,UTA,37.0,UTA,2058.1,UTA,0.0,UTA,10.7,UTA,6.2,56.0,UTA,3.1,-1.0,UTA,0.3,2.0,1.8,1.9
302,Mike Muscala,OKC,1.3,OKC,5.7,53.8,0.1,OKC,13.8,1.3,84.2,0.5,2.5,0.3,0.6,OKC,1.2,60.4,OKC,30.6,OKC,592.5,OKC,0.1,OKC,1.0,OKC,0.4,89.3,OKC,2.8,-15.3,OKC,0.8,0.6,4.1,1.2
303,Miles Bridges,CHA,1.3,CHA,3.2,55.9,10.9,CHA,35.5,4.2,80.2,1.1,5.9,1.9,0.8,CHA,8.3,62.7,CHA,35.8,CHA,2837.1,CHA,0.8,CHA,7.1,CHA,1.6,55.3,CHA,5.6,-2.9,CHA,0.6,1.5,5.1,3.9
304,Mitchell Robinson,NYK,3.8,NYK,0.0,0.0,0.0,NYK,25.7,2.5,48.6,4.1,4.5,0.8,1.8,NYK,4.8,75.9,NYK,35.8,NYK,1848.4,NYK,0.2,NYK,0.9,NYK,0.0,0.0,NYK,4.1,-10.0,NYK,2.8,2.0,6.3,2.0
305,Miye Oni,UTA,0.0,UTA,1.5,52.4,0.1,UTA,2.8,0.1,0.0,0.1,0.4,0.1,0.0,UTA,0.1,100.0,UTA,28.6,UTA,44.2,UTA,0.0,UTA,0.4,UTA,0.1,30.0,UTA,0.7,1.0,UTA,0.1,0.1,0.2,0.3
306,Mo Bamba,ORL,1.7,ORL,2.7,49.2,0.5,ORL,25.7,1.0,78.1,2.1,6.0,1.1,1.7,ORL,3.7,62.4,ORL,34.0,ORL,1823.7,ORL,0.6,ORL,2.0,ORL,0.5,40.9,ORL,5.6,-6.1,ORL,1.7,1.0,6.6,2.8
307,Monte Morris,DEN,0.2,DEN,2.2,59.2,4.1,DEN,29.9,1.1,86.9,0.4,2.7,1.0,0.2,DEN,2.9,61.2,DEN,33.3,DEN,2238.9,DEN,0.0,DEN,7.7,DEN,2.7,48.8,DEN,3.2,4.6,DEN,0.4,1.2,1.8,2.0
308,Montrezl Harrell,CHA,2.3,LAL,0.3,45.5,0.7,CHA,23.1,4.2,71.6,2.1,4.0,1.0,0.6,CHA,6.7,69.8,CHA,34.0,CHA,1640.4,CHA,2.5,CHA,2.8,LAL,1.0,35.3,CHA,3.5,0.6,CHA,2.7,0.8,5.3,2.2
309,Moritz Wagner,ORL,1.4,ORL,2.0,51.1,1.8,ORL,15.2,2.0,80.6,0.7,3.0,0.9,0.2,ORL,3.0,68.2,ORL,40.2,ORL,959.5,ORL,0.4,ORL,2.5,ORL,0.1,37.5,ORL,2.7,2.5,ORL,1.6,0.8,2.5,1.6
310,Moses Brown,CLE,0.8,BOS,0.1,66.7,0.1,CLE,8.6,1.8,59.7,1.0,2.4,0.5,0.4,CLE,2.7,59.3,CLE,42.5,CLE,344.3,CLE,0.3,CLE,0.2,BOS,0.0,0.0,CLE,2.3,-8.7,CLE,0.8,0.3,3.2,0.8
311,Mychal Mulder,MIA,0.1,GSW,3.3,57.1,0.9,MIA,14.1,0.2,100.0,0.1,1.3,0.5,0.1,MIA,1.1,31.6,MIA,35.9,MIA,239.6,MIA,0.0,MIA,1.4,GSW,0.3,75.0,MIA,1.6,4.2,MIA,0.1,0.7,1.2,1.4
312,Myles Turner,IND,2.6,IND,4.3,51.0,1.8,IND,29.4,2.5,75.2,1.5,5.5,1.3,2.8,IND,4.2,68.8,IND,43.9,IND,1234.7,IND,1.6,IND,1.4,IND,0.5,24.0,IND,6.7,-8.8,IND,2.1,1.6,9.0,1.8
313,Naji Marshall,NOP,0.4,NOP,2.3,57.5,2.6,NOP,13.4,1.7,79.6,0.7,1.9,0.8,0.1,NOP,2.4,56.8,NOP,30.8,NOP,735.6,NOP,0.0,NOP,2.5,NOP,1.1,18.6,NOP,1.7,-0.9,NOP,0.0,0.8,1.2,1.0
314,Nassir Little,POR,0.5,POR,1.2,54.3,3.3,POR,25.9,2.2,73.4,1.4,4.2,1.0,0.9,POR,3.1,62.3,POR,29.6,POR,1088.4,POR,0.2,POR,2.8,POR,0.9,38.4,POR,4.1,-4.5,POR,0.2,0.8,3.7,2.8
315,Nathan Knight,MIN,0.7,ATL,0.8,33.3,1.0,MIN,7.2,1.6,73.3,0.9,1.4,0.5,0.2,MIN,2.0,55.4,MIN,32.5,MIN,267.3,MIN,0.5,MIN,0.9,ATL,0.2,0.0,MIN,1.6,-0.6,MIN,0.8,0.4,1.7,1.2
316,Naz Reid,MIN,1.3,MIN,2.4,53.2,1.3,MIN,15.8,1.9,76.5,1.3,2.6,1.1,0.9,MIN,4.0,57.7,MIN,41.5,MIN,1215.3,MIN,1.0,MIN,2.0,MIN,0.2,13.3,MIN,3.8,-10.5,MIN,2.0,1.0,3.7,1.7
317,Nemanja Bjelica,GSW,0.6,MIA,2.0,45.3,2.4,GSW,16.1,1.1,72.8,0.9,3.3,1.2,0.4,GSW,2.5,56.0,GSW,36.7,GSW,1142.4,GSW,0.9,GSW,3.8,MIA,0.5,35.3,GSW,4.4,-0.6,GSW,1.3,0.8,3.9,2.1
318,Nerlens Noel,NYK,1.8,NYK,0.4,33.3,0.2,NYK,22.5,1.2,70.0,1.9,3.7,0.8,1.2,NYK,1.8,55.6,NYK,48.1,NYK,562.0,NYK,0.0,NYK,1.3,NYK,0.1,14.3,NYK,5.3,-10.7,NYK,2.4,2.8,4.7,1.6
319,Nic Claxton,BKN,1.8,BKN,0.2,25.0,0.6,BKN,20.7,2.0,58.1,1.9,3.7,0.8,1.1,BKN,5.5,67.4,BKN,36.9,BKN,974.1,BKN,0.1,BKN,1.7,BKN,0.0,0.0,BKN,3.7,-10.8,BKN,2.1,1.1,5.8,3.3
320,Nick Richards,CHA,0.4,CHA,0.1,0.0,0.1,CHA,7.3,0.9,69.8,0.7,1.0,0.5,0.4,CHA,1.6,66.7,CHA,45.1,CHA,367.1,CHA,0.3,CHA,0.5,CHA,0.0,0.0,CHA,1.8,-7.6,CHA,0.8,0.2,1.9,0.6
321,Nickeil Alexander-Walker,UTA,0.4,NOP,4.0,51.9,7.3,UTA,22.6,1.7,74.3,0.6,2.3,1.4,0.4,UTA,3.8,47.9,UTA,37.3,UTA,1465.8,UTA,0.0,UTA,4.5,NOP,2.1,47.4,UTA,3.0,6.9,UTA,0.2,1.7,1.8,1.3
322,Nicolas Batum,LAC,0.3,LAC,4.1,60.0,0.6,LAC,24.8,0.6,65.8,0.5,3.8,0.7,0.7,LAC,1.0,71.7,LAC,33.7,LAC,1462.6,LAC,0.1,LAC,3.0,LAC,0.8,47.2,LAC,4.1,-3.8,LAC,0.5,2.1,3.6,1.8
323,Nikola Jokic,DEN,3.3,DEN,4.4,58.8,4.2,DEN,33.5,6.3,81.0,2.8,11.0,3.8,0.9,DEN,11.4,67.1,DEN,36.8,DEN,2475.6,DEN,10.0,DEN,13.9,DEN,2.1,48.7,DEN,8.4,-2.5,DEN,3.2,2.9,9.3,2.9
324,Nikola Vucevic,CHI,3.2,CHI,9.7,55.3,2.3,CHI,33.1,1.7,76.0,1.9,9.1,1.9,1.0,CHI,7.1,60.3,CHI,36.7,CHI,2417.5,CHI,5.4,CHI,6.0,CHI,2.5,39.8,CHI,8.5,-0.8,CHI,4.8,2.2,7.8,2.1
325,Norman Powell,LAC,0.4,POR,4.0,63.9,8.0,LAC,32.4,5.2,81.1,0.4,2.8,1.5,0.5,LAC,5.7,51.2,LAC,34.4,LAC,1458.2,LAC,0.1,LAC,3.8,POR,3.4,49.8,LAC,3.3,7.5,LAC,0.1,1.8,2.2,2.5
326,Norvel Pelle,UTA,0.0,NYK,0.0,0.0,0.0,UTA,6.3,0.0,0.0,1.0,1.0,0.7,0.3,UTA,1.7,60.0,UTA,60.0,UTA,19.0,UTA,0.0,UTA,0.0,NYK,0.0,0.0,UTA,2.0,39.1,UTA,0.7,0.0,1.7,1.3
327,O.G. Anunoby,TOR,1.4,TOR,5.4,63.2,7.1,TOR,36.0,2.5,75.4,1.5,4.0,1.7,0.5,TOR,5.4,58.7,TOR,33.0,TOR,1728.3,TOR,3.0,TOR,5.0,TOR,1.6,32.4,TOR,3.8,-0.9,TOR,0.4,2.9,4.4,2.8
328,Obi Toppin,NYK,0.9,NYK,1.4,46.6,1.7,NYK,17.1,1.7,75.8,1.0,2.8,0.8,0.5,NYK,4.0,67.2,NYK,32.3,NYK,1229.8,NYK,0.5,NYK,1.7,NYK,0.2,41.7,NYK,2.0,-5.4,NYK,0.6,0.7,1.9,1.8
329,Onyeka Okongwu,ATL,2.0,ATL,0.1,16.7,0.2,ATL,20.7,2.3,72.7,2.4,3.5,0.9,1.3,ATL,4.6,69.4,ATL,32.7,ATL,992.1,ATL,0.6,ATL,2.1,ATL,0.1,40.0,ATL,4.5,-5.9,ATL,2.7,1.0,6.2,1.8
330,Oshae Brissett,IND,0.6,IND,3.6,62.0,3.3,IND,23.3,2.4,69.5,1.6,3.7,0.8,0.4,IND,3.6,49.6,IND,44.0,IND,1564.0,IND,0.0,IND,1.8,IND,0.3,50.0,IND,4.2,2.0,IND,0.3,1.1,2.2,1.8
331,Otto Porter Jr.,GSW,0.8,ORL,3.8,56.2,0.9,GSW,22.2,1.0,80.3,1.4,4.4,0.6,0.5,GSW,2.2,61.5,GSW,35.2,GSW,1395.5,GSW,0.5,GSW,3.4,ORL,2.4,40.4,GSW,3.6,-1.4,GSW,0.6,1.6,2.3,1.3
332,P.J. Dozier,DEN,0.2,DEN,2.4,47.5,2.5,DEN,18.9,0.7,76.9,0.8,2.7,0.7,0.3,DEN,1.3,50.0,DEN,31.5,DEN,340.5,DEN,0.1,DEN,2.7,DEN,1.7,39.3,DEN,2.2,-0.1,DEN,0.1,0.9,1.8,2.2
333,P.J. Tucker,MIA,1.7,MIL,2.3,48.8,1.1,MIA,27.9,0.9,73.8,1.4,4.0,0.9,0.2,MIA,2.7,58.5,MIA,34.9,MIA,1980.8,MIA,0.4,MIA,3.7,MIL,0.1,33.3,MIA,3.3,-0.6,MIA,1.5,1.4,2.6,3.5
334,P.J. Washington,CHA,1.5,CHA,4.1,58.7,2.6,CHA,27.2,1.2,71.6,1.3,3.9,1.3,0.9,CHA,3.5,62.2,CHA,34.8,CHA,1768.1,CHA,0.6,CHA,4.3,CHA,1.0,36.6,CHA,4.9,-1.5,CHA,1.7,2.1,4.7,3.0
335,Pascal Siakam,TOR,2.3,TOR,3.7,46.8,14.3,TOR,37.9,5.6,74.9,1.9,6.6,2.7,0.6,TOR,9.4,58.5,TOR,38.1,TOR,2577.9,TOR,2.7,TOR,10.7,TOR,3.9,37.3,TOR,6.6,-4.9,TOR,1.0,2.0,4.5,4.1
336,Pat Connaughton,MIL,1.1,MIL,3.8,57.4,1.9,MIL,26.0,0.8,83.3,0.7,3.5,0.5,0.2,MIL,1.7,64.9,MIL,37.5,MIL,1690.8,MIL,0.0,MIL,2.5,MIL,0.2,8.8,MIL,3.6,2.4,MIL,0.5,1.3,3.0,3.7
337,Patrick Beverley,MIN,0.1,LAC,3.1,62.3,5.7,MIN,25.4,2.3,72.2,1.1,3.1,1.3,0.9,MIN,2.5,53.4,MIN,29.3,MIN,1475.7,MIN,0.0,MIN,8.4,LAC,1.0,47.2,MIN,3.7,0.7,MIN,0.6,2.4,1.7,1.4
338,Patrick Williams,CHI,0.9,CHI,1.9,58.0,2.9,CHI,24.8,2.4,73.2,1.0,3.1,0.9,0.5,CHI,2.3,61.5,CHI,32.8,CHI,422.3,CHI,0.2,CHI,2.1,CHI,2.1,43.9,CHI,3.4,-2.3,CHI,0.3,1.6,2.8,2.2
339,Patty Mills,BKN,0.4,SAS,3.9,61.7,2.6,BKN,29.0,0.7,81.4,0.2,1.7,0.9,0.2,BKN,1.0,53.8,BKN,35.5,BKN,2345.7,BKN,0.0,BKN,3.8,SAS,3.7,46.8,BKN,3.0,3.4,BKN,0.4,1.0,0.9,1.6
340,Paul George,LAC,0.8,LAC,4.6,63.7,13.4,LAC,34.8,4.8,85.8,0.4,6.5,4.1,0.4,LAC,4.8,53.3,LAC,31.9,LAC,1077.4,LAC,2.1,LAC,10.4,LAC,7.1,51.0,LAC,5.2,-5.4,LAC,0.4,3.1,3.1,2.3
341,Paul Millsap,PHI,1.3,DEN,2.6,50.7,1.4,PHI,11.4,0.7,70.8,1.2,2.2,0.6,0.4,PHI,2.1,50.7,PHI,33.3,PHI,375.7,PHI,0.4,PHI,1.6,DEN,0.7,41.3,PHI,3.2,-3.8,PHI,0.9,1.1,2.0,1.1
342,Paul Reed,PHI,0.5,PHI,0.3,12.5,0.8,PHI,8.0,0.4,42.9,1.2,1.3,0.3,0.4,PHI,2.1,63.8,PHI,36.4,PHI,302.5,PHI,0.1,PHI,0.8,PHI,0.2,33.3,PHI,1.8,2.2,PHI,0.7,1.2,1.7,1.1
343,Paul Watson,OKC,0.2,TOR,2.0,69.4,1.9,OKC,17.4,0.2,50.0,0.3,2.7,0.4,0.3,OKC,0.9,62.5,OKC,29.6,OKC,156.2,OKC,0.0,OKC,1.9,TOR,0.4,62.5,OKC,2.5,15.3,OKC,0.0,0.6,1.4,1.9
344,Payton Pritchard,BOS,0.3,BOS,2.6,69.7,2.4,BOS,14.1,0.3,100.0,0.5,1.4,0.6,0.1,BOS,1.0,45.7,BOS,30.1,BOS,1001.0,BOS,0.0,BOS,3.7,BOS,1.9,44.0,BOS,1.7,1.7,BOS,0.2,0.6,0.9,0.9
345,Precious Achiuwa,TOR,1.4,MIA,0.1,0.0,2.7,TOR,23.6,1.8,59.5,2.0,4.5,1.2,0.6,TOR,4.9,50.4,TOR,35.3,TOR,1724.7,TOR,0.5,TOR,2.1,MIA,0.2,45.5,TOR,4.9,-8.8,TOR,1.7,1.0,5.5,2.5
346,Quinndary Weatherspoon,GSW,0.2,SAS,0.2,0.0,0.9,GSW,6.7,0.5,100.0,0.2,1.1,0.3,0.1,GSW,1.4,73.3,GSW,44.4,GSW,73.4,GSW,0.1,GSW,0.7,SAS,0.6,31.8,GSW,1.4,18.7,GSW,0.0,0.5,0.6,0.5
347,R.J. Hampton,ORL,0.1,ORL,1.4,57.2,6.7,ORL,21.9,1.8,64.1,0.4,2.7,1.4,0.2,ORL,3.7,43.3,ORL,38.2,ORL,1402.3,ORL,0.0,ORL,6.1,ORL,1.6,34.5,ORL,2.7,11.4,ORL,0.2,1.2,1.5,2.1
348,RJ Barrett,NYK,0.3,NYK,4.2,59.7,12.8,NYK,34.5,5.8,71.4,0.9,4.9,2.2,0.2,NYK,9.3,47.5,NYK,33.1,NYK,2417.2,NYK,0.8,NYK,5.8,NYK,2.7,34.9,NYK,4.7,1.4,NYK,0.1,0.9,3.2,3.4
349,Rajon Rondo,CLE,0.1,LAC,1.0,55.8,5.1,CLE,17.9,0.7,73.1,0.4,2.4,1.7,0.2,CLE,1.7,46.2,CLE,32.6,CLE,697.9,CLE,0.0,CLE,8.5,LAC,1.4,52.5,CLE,2.5,4.4,CLE,0.3,1.4,0.9,1.4
350,Raul Neto,WAS,0.2,WAS,2.1,61.7,7.2,WAS,19.6,1.5,76.9,0.2,1.7,1.1,0.0,WAS,3.2,55.3,WAS,37.3,WAS,1372.0,WAS,0.0,WAS,5.9,WAS,1.5,46.9,WAS,3.2,4.9,WAS,0.2,1.3,1.9,1.8
351,Rayjon Tucker,MIL,0.4,PHI,0.3,37.5,1.0,MIL,14.2,1.4,71.4,0.6,1.0,0.2,0.0,MIL,0.4,100.0,MIL,55.0,MIL,70.8,MIL,0.2,MIL,2.8,PHI,0.2,50.0,MIL,2.0,40.0,MIL,0.0,0.8,1.0,1.6
352,Reggie Bullock,DAL,0.4,NYK,5.7,63.8,0.8,DAL,28.0,0.7,83.3,0.5,3.1,0.6,0.2,DAL,1.0,58.0,DAL,31.5,DAL,1901.8,DAL,0.0,DAL,2.1,NYK,1.7,46.4,DAL,3.6,2.3,DAL,0.3,1.3,1.8,1.4
353,Reggie Jackson,LAC,0.3,LAC,2.9,67.6,10.9,LAC,31.2,2.2,84.7,0.5,3.1,2.3,0.2,LAC,5.0,50.8,LAC,32.9,LAC,2336.5,LAC,0.1,LAC,9.1,LAC,2.7,44.0,LAC,4.5,-5.2,LAC,0.3,1.1,2.4,3.2
354,Reggie Perry,POR,1.5,BKN,0.8,30.0,1.4,POR,18.7,1.5,60.0,1.5,3.2,1.1,0.6,POR,4.9,61.2,POR,32.0,POR,187.3,POR,0.5,POR,3.3,BKN,0.1,0.0,POR,3.7,9.4,POR,2.3,1.3,4.4,2.1
355,Richaun Holmes,SAC,1.8,SAC,3.1,59.4,0.5,SAC,23.9,2.0,77.8,2.1,5.0,1.2,0.9,SAC,4.8,70.1,SAC,41.2,SAC,1074.1,SAC,0.4,SAC,1.6,SAC,0.2,53.3,SAC,5.0,-8.9,SAC,3.6,1.0,5.3,1.3
356,Ricky Rubio,IND,0.3,MIN,2.6,47.2,12.6,IND,28.5,3.0,85.4,0.4,3.7,2.6,0.2,IND,3.9,38.3,IND,26.4,IND,970.1,IND,0.0,IND,14.0,MIN,2.2,37.2,IND,3.3,-7.1,IND,0.2,2.3,1.3,1.5
357,Robert Covington,LAC,0.7,POR,4.5,56.0,1.8,LAC,27.3,1.0,84.1,0.8,4.7,1.1,1.3,LAC,1.9,54.7,LAC,39.5,LAC,1939.5,LAC,0.2,LAC,2.5,POR,0.8,54.2,LAC,4.5,-3.2,LAC,0.9,3.1,3.3,2.8
358,Robert Williams III,BOS,2.0,BOS,0.4,40.9,0.1,BOS,29.6,1.5,72.2,3.9,5.7,1.0,2.2,BOS,5.9,74.8,BOS,34.0,BOS,1804.3,BOS,0.2,BOS,3.5,BOS,0.1,28.6,BOS,4.0,-11.2,BOS,2.9,1.5,7.4,3.7
359,Robert Woodard II,SAS,0.1,SAC,0.3,25.0,0.4,SAS,3.5,0.2,100.0,0.4,0.5,0.1,0.1,SAS,0.6,14.3,SAS,57.1,SAS,42.2,SAS,0.0,SAS,0.4,SAC,0.5,41.7,SAS,1.7,-10.2,SAS,0.0,0.1,0.3,0.3
360,Robin Lopez,ORL,2.4,WAS,0.3,43.2,0.9,ORL,17.0,1.5,59.3,1.9,1.6,1.2,0.5,ORL,5.1,57.7,ORL,32.6,ORL,611.9,ORL,3.6,ORL,2.5,WAS,0.2,63.6,ORL,3.9,-4.0,ORL,1.9,0.2,5.3,1.5
361,Rodney Hood,LAC,0.2,TOR,1.3,36.5,1.1,LAC,13.6,0.4,89.5,0.3,1.2,0.2,0.1,LAC,0.6,58.1,LAC,40.6,LAC,709.4,LAC,0.1,LAC,1.4,TOR,2.3,45.0,LAC,1.8,5.5,LAC,0.2,0.6,1.0,0.9
362,Rodney McGruder,DET,0.3,DET,1.6,66.0,1.4,DET,14.8,0.5,73.1,0.6,1.6,0.5,0.1,DET,1.2,51.7,DET,26.9,DET,754.1,DET,0.0,DET,1.8,DET,0.6,30.0,DET,2.2,-4.5,DET,0.1,1.0,0.9,0.9
363,Romeo Langford,SAS,0.3,BOS,0.9,26.5,2.0,SAS,16.1,0.9,54.8,0.6,1.6,0.3,0.3,SAS,1.7,51.8,SAS,33.7,SAS,770.9,SAS,0.0,SAS,1.1,BOS,0.6,30.0,SAS,1.6,-12.5,SAS,0.2,0.7,2.0,1.1
364,Royce O'Neale,UTA,0.7,UTA,3.6,58.5,2.1,UTA,31.2,0.7,80.4,0.8,3.9,1.0,0.4,UTA,1.7,62.4,UTA,38.3,UTA,2405.5,UTA,0.0,UTA,4.9,UTA,0.5,42.4,UTA,4.4,-2.6,UTA,1.3,1.8,2.2,2.1
365,Rudy Gay,UTA,0.6,SAS,4.0,57.6,1.6,UTA,18.9,1.4,78.5,1.0,3.4,0.9,0.3,UTA,1.7,60.2,UTA,38.1,UTA,1038.2,UTA,1.0,UTA,1.9,SAS,3.7,41.8,UTA,2.4,-4.4,UTA,0.6,1.2,2.2,1.7
366,Rudy Gobert,UTA,3.3,UTA,0.1,22.2,0.3,UTA,32.1,6.7,69.0,3.7,11.0,1.8,2.1,UTA,7.5,72.9,UTA,36.7,UTA,2120.4,UTA,1.1,UTA,1.7,UTA,0.0,0.0,UTA,7.2,-13.0,UTA,6.3,1.3,10.3,2.8
367,Rui Hachimura,WAS,0.6,WAS,3.4,51.0,2.9,WAS,22.5,1.6,69.7,0.6,3.2,0.8,0.2,WAS,2.9,65.8,WAS,43.3,WAS,943.5,WAS,1.3,WAS,2.1,WAS,2.9,39.4,WAS,2.8,1.3,WAS,0.5,0.9,2.2,2.2
368,Russell Westbrook,LAL,0.7,WAS,2.1,51.8,16.9,LAL,34.3,5.1,66.7,1.4,6.0,3.8,0.3,LAL,8.6,53.2,LAL,37.8,LAL,2677.9,LAL,1.5,LAL,13.8,WAS,8.1,40.4,LAL,3.9,4.9,LAL,0.2,1.8,1.6,2.0
369,Ryan Arcidiacono,NYK,0.0,CHI,1.3,57.9,1.3,NYK,7.6,0.0,0.0,0.0,0.8,0.3,0.0,NYK,0.1,100.0,NYK,25.0,NYK,76.3,NYK,0.0,NYK,0.9,CHI,0.8,40.3,NYK,1.1,0.7,NYK,0.0,0.7,0.4,0.8
370,Saben Lee,DET,0.1,DET,0.3,80.0,6.8,DET,16.3,1.9,78.9,0.5,1.9,1.0,0.3,DET,2.9,49.0,DET,27.5,DET,603.7,DET,0.0,DET,6.1,DET,0.6,24.1,DET,3.0,10.6,DET,0.1,1.5,1.2,1.5
371,Saddiq Bey,DET,1.0,DET,5.4,59.8,5.6,DET,33.0,3.1,82.7,1.3,4.1,1.2,0.2,DET,4.1,50.3,DET,34.8,DET,2704.2,DET,1.3,DET,5.5,DET,1.9,38.9,DET,3.1,-3.9,DET,0.2,1.5,2.0,1.7
372,Sam Merrill,MEM,0.3,MIL,1.2,66.7,1.3,MEM,9.6,0.7,50.0,0.2,1.0,0.3,0.0,MEM,0.2,100.0,MEM,33.3,MEM,57.8,MEM,0.0,MEM,2.8,MIL,0.7,62.5,MEM,2.0,3.8,MEM,0.0,0.5,1.2,0.7
373,Sekou Doumbouya,LAL,0.0,DET,2.0,34.4,0.0,LAL,8.2,2.0,75.0,1.0,2.0,1.0,1.0,LAL,3.0,66.7,LAL,0.0,LAL,16.4,LAL,0.0,LAL,0.0,DET,0.3,10.0,LAL,0.5,-59.7,LAL,0.0,1.5,1.5,1.0
374,Semi Ojeleye,LAC,0.7,BOS,2.6,55.4,0.9,LAC,13.5,1.0,79.3,0.9,1.6,0.3,0.2,LAC,1.0,29.0,LAC,31.5,LAC,405.8,LAC,0.2,LAC,0.9,BOS,0.4,16.0,LAC,1.4,9.8,LAC,0.2,0.3,1.5,1.6
375,Serge Ibaka,MIL,1.9,LAC,3.6,55.1,0.6,MIL,16.3,0.8,72.7,1.1,3.5,0.8,0.6,MIL,2.5,65.2,MIL,39.1,MIL,877.6,MIL,0.9,MIL,1.8,LAC,0.4,28.1,MIL,3.6,-5.5,MIL,1.8,0.5,5.5,1.6
376,Seth Curry,BKN,0.4,PHI,3.5,71.6,4.9,BKN,33.3,1.5,87.2,0.3,2.8,1.7,0.2,BKN,1.5,60.2,BKN,34.3,BKN,2134.3,BKN,0.0,BKN,6.4,PHI,4.4,51.0,BKN,3.3,2.7,BKN,0.3,1.8,1.1,2.0
377,Shai Gilgeous-Alexander,OKC,0.2,OKC,1.1,64.9,23.9,OKC,34.7,7.2,81.0,0.7,4.3,2.8,0.8,OKC,9.6,54.5,OKC,41.3,OKC,1941.9,OKC,0.2,OKC,13.0,OKC,6.5,53.5,OKC,5.3,-3.1,OKC,0.2,2.7,3.3,4.1
378,Shake Milton,PHI,0.2,PHI,2.3,56.6,6.4,PHI,21.4,1.3,83.6,0.5,2.0,0.8,0.3,PHI,3.0,54.5,PHI,34.5,PHI,1179.4,PHI,0.0,PHI,5.1,PHI,4.2,45.1,PHI,2.3,-3.6,PHI,0.3,0.8,1.8,1.3
379,Shaquille Harrison,BKN,0.0,DEN,0.4,32.1,2.0,BKN,11.3,0.0,0.0,0.5,1.5,1.0,0.5,BKN,1.5,66.7,BKN,0.0,BKN,22.6,BKN,0.0,BKN,1.5,DEN,0.3,33.3,BKN,2.0,13.1,BKN,0.0,1.0,2.0,0.5
380,Skylar Mays,ATL,0.0,ATL,1.0,53.0,1.5,ATL,7.9,0.3,88.9,0.2,0.7,0.4,0.0,ATL,1.2,63.6,ATL,28.3,ATL,219.9,ATL,0.0,ATL,1.4,ATL,0.5,44.1,ATL,1.2,1.9,ATL,0.1,0.7,0.6,0.6
381,Solomon Hill,ATL,0.7,ATL,2.9,47.0,0.5,ATL,10.7,0.0,0.0,0.5,1.3,0.1,0.2,ATL,0.5,14.3,ATL,34.6,ATL,139.4,ATL,0.0,ATL,1.5,ATL,0.3,50.0,ATL,2.3,3.5,ATL,0.2,0.5,1.1,0.8
382,Spencer Dinwiddie,DAL,0.5,BKN,1.7,60.0,10.4,DAL,29.6,3.8,77.4,0.7,3.5,1.6,0.2,DAL,4.2,52.7,DAL,35.0,DAL,1980.5,DAL,0.1,DAL,9.9,BKN,0.7,0.0,DAL,3.4,3.9,DAL,0.4,1.0,1.8,2.3
383,Stanley Johnson,LAL,1.3,TOR,1.8,49.5,2.5,LAL,22.8,1.5,71.6,0.7,2.5,0.7,0.3,LAL,2.4,57.4,LAL,37.2,LAL,1094.4,LAL,0.1,LAL,3.0,TOR,0.6,42.9,LAL,4.5,3.9,LAL,1.2,1.9,3.2,2.1
384,Stephen Curry,GSW,0.4,GSW,5.6,65.6,9.6,GSW,34.5,4.7,92.3,0.5,4.7,3.2,0.4,GSW,4.7,57.5,GSW,33.4,GSW,2211.1,GSW,0.0,GSW,10.7,GSW,9.8,57.3,GSW,3.7,-1.9,GSW,1.1,2.2,1.8,2.7
385,Sterling Brown,DAL,0.8,HOU,3.5,61.6,1.5,DAL,12.8,0.3,93.3,0.5,2.5,0.5,0.1,DAL,0.9,52.2,DAL,40.7,DAL,628.4,DAL,0.0,DAL,1.5,HOU,0.9,56.7,DAL,2.0,1.9,DAL,0.2,0.7,0.8,1.0
386,Steven Adams,MEM,3.8,NOP,0.3,40.0,0.6,MEM,26.3,2.6,54.3,4.6,5.4,1.5,0.8,MEM,4.9,56.4,MEM,39.6,MEM,1998.6,MEM,1.4,MEM,4.9,NOP,0.1,28.6,MEM,5.8,-4.0,MEM,5.5,1.6,7.1,1.9
387,Svi Mykhailiuk,TOR,0.1,OKC,3.5,50.4,1.9,TOR,12.8,0.7,86.5,0.4,1.3,0.6,0.1,TOR,1.3,56.2,TOR,39.3,TOR,716.1,TOR,0.0,TOR,1.7,OKC,2.0,48.8,TOR,1.7,-3.5,TOR,0.2,0.8,0.9,1.0
388,T.J. McConnell,IND,0.3,IND,0.7,51.0,11.4,IND,24.2,0.9,82.6,0.7,2.6,1.1,0.4,IND,4.2,53.5,IND,37.0,IND,652.1,IND,0.0,IND,10.3,IND,2.1,56.6,IND,2.8,6.5,IND,0.1,2.7,1.4,1.4
389,Tacko Fall,CLE,0.7,BOS,0.1,100.0,0.1,CLE,5.3,0.6,28.6,0.6,1.5,0.3,0.5,CLE,1.1,41.7,CLE,41.2,CLE,58.8,CLE,1.1,CLE,0.4,BOS,0.0,0.0,CLE,0.8,-33.7,CLE,0.9,0.1,1.3,0.4
390,Taj Gibson,NYK,2.6,NYK,0.6,37.5,0.1,NYK,18.2,1.0,80.8,1.7,2.7,0.5,0.8,NYK,1.8,59.6,NYK,32.6,NYK,945.7,NYK,0.4,NYK,1.3,NYK,0.1,33.3,NYK,2.7,-2.8,NYK,2.3,1.0,3.3,1.9
391,Talen Horton-Tucker,LAL,0.6,LAL,1.2,41.4,7.1,LAL,25.2,2.1,80.0,0.6,2.6,1.4,0.5,LAL,4.4,53.6,LAL,34.8,LAL,1511.0,LAL,0.2,LAL,5.1,LAL,1.7,43.6,LAL,3.5,0.1,LAL,0.2,1.8,2.5,2.5
392,Taurean Prince,MIN,0.4,CLE,2.7,56.8,1.8,MIN,17.1,1.2,75.6,0.4,2.1,0.8,0.3,MIN,1.7,60.7,MIN,38.2,MIN,1176.7,MIN,0.0,MIN,1.9,CLE,2.4,51.5,MIN,2.7,11.0,MIN,0.2,1.2,1.6,1.6
393,Terance Mann,LAC,0.6,LAC,1.1,61.1,4.8,LAC,28.6,2.0,78.0,1.3,4.0,1.0,0.3,LAC,4.0,61.1,LAC,34.1,LAC,2316.8,LAC,0.1,LAC,5.0,LAC,1.1,40.4,LAC,4.1,-3.4,LAC,0.3,1.3,2.3,1.4
394,Terence Davis,SAC,0.2,SAC,3.0,62.5,3.9,SAC,17.9,1.5,81.8,0.4,2.8,1.1,0.4,SAC,3.5,56.4,SAC,28.7,SAC,536.3,SAC,0.0,SAC,2.2,SAC,1.7,38.7,SAC,2.8,1.6,SAC,0.2,1.3,1.7,1.6
395,Terrence Ross,ORL,0.2,ORL,4.0,53.8,3.9,ORL,23.0,2.1,86.2,0.3,2.2,1.2,0.2,ORL,1.9,55.9,ORL,37.8,ORL,1448.2,ORL,0.0,ORL,3.7,ORL,7.1,43.7,ORL,2.3,4.1,ORL,0.2,1.0,1.2,1.5
396,Terry Rozier,CHA,0.2,CHA,5.6,64.0,10.1,CHA,33.7,2.4,85.2,0.8,3.5,1.3,0.3,CHA,4.9,54.6,CHA,37.0,CHA,2457.8,CHA,0.0,CHA,8.3,CHA,5.7,49.0,CHA,4.6,2.2,CHA,0.3,2.0,1.5,2.4
397,Thaddeus Young,TOR,1.0,CHI,0.9,43.1,1.0,TOR,16.3,0.9,46.9,1.5,2.5,1.0,0.3,TOR,4.0,56.7,TOR,36.7,TOR,845.2,TOR,0.9,TOR,3.4,CHI,0.4,19.2,TOR,3.0,2.6,TOR,1.4,1.6,2.6,2.2
398,Thanasis Antetokounmpo,MIL,0.3,MIL,0.3,18.8,1.0,MIL,9.9,1.0,63.0,0.8,1.3,0.5,0.3,MIL,2.3,60.9,MIL,36.5,MIL,473.3,MIL,0.2,MIL,1.0,MIL,0.3,50.0,MIL,2.3,-5.2,MIL,0.7,0.9,1.7,0.8
399,Theo Maledon,OKC,0.2,OKC,3.1,51.0,6.1,OKC,17.8,2.0,79.0,0.4,2.2,1.3,0.2,OKC,2.7,47.5,OKC,45.7,OKC,908.2,OKC,0.0,OKC,4.5,OKC,3.2,43.3,OKC,3.4,-2.2,OKC,0.1,0.8,2.1,1.5
400,Theo Pinson,DAL,0.1,NYK,0.4,0.0,0.5,DAL,7.8,0.5,100.0,0.1,1.0,0.3,0.1,DAL,0.2,33.3,DAL,24.1,DAL,148.1,DAL,0.0,DAL,1.8,NYK,0.1,50.0,DAL,1.8,-1.1,DAL,0.0,0.4,0.5,0.6
401,Thomas Bryant,WAS,1.3,WAS,3.0,48.3,0.4,WAS,16.3,1.5,87.5,1.0,3.0,0.7,0.8,WAS,3.0,65.9,WAS,38.2,WAS,439.1,WAS,1.2,WAS,1.7,WAS,0.5,40.0,WAS,3.4,-4.2,WAS,2.3,0.4,4.8,1.3
402,Tim Frazier,CLE,0.0,MEM,0.8,0.0,3.3,CLE,17.3,0.8,55.6,0.4,1.2,1.3,0.1,CLE,0.8,50.0,CLE,39.1,CLE,207.6,CLE,0.0,CLE,6.8,MEM,2.2,9.1,CLE,2.5,0.1,CLE,0.3,0.8,0.3,0.5
403,Tim Hardaway Jr.,DAL,0.3,DAL,5.4,60.7,2.6,DAL,29.6,2.5,75.7,0.3,3.4,0.8,0.1,DAL,2.2,59.8,DAL,35.8,DAL,1245.0,DAL,0.1,DAL,4.0,DAL,4.4,46.1,DAL,3.4,1.6,DAL,0.4,1.3,1.9,1.9
404,Timothe Luwawu-Cabarrot,ATL,0.5,BKN,3.9,48.4,1.2,ATL,13.2,0.8,85.4,0.3,1.3,0.4,0.1,ATL,1.0,50.0,ATL,37.8,ATL,684.8,ATL,0.0,ATL,1.3,BKN,0.6,28.4,ATL,1.7,-1.5,ATL,0.1,0.7,1.4,0.9
405,Tobias Harris,PHI,1.3,PHI,2.6,62.5,9.2,PHI,34.8,2.8,84.2,1.1,5.7,1.6,0.6,PHI,7.0,57.4,PHI,32.9,PHI,2543.2,PHI,2.6,PHI,6.5,PHI,5.0,47.2,PHI,4.6,5.0,PHI,0.8,1.2,3.5,2.0
406,Tomas Satoransky,WAS,0.3,CHI,1.8,55.7,4.5,WAS,16.5,1.0,79.6,0.5,1.8,0.8,0.1,WAS,1.6,51.1,WAS,36.1,WAS,906.0,WAS,0.0,WAS,6.6,CHI,1.2,50.7,WAS,2.2,1.3,WAS,0.2,1.2,1.3,1.4
407,Tony Bradley,CHI,1.4,OKC,0.4,29.4,0.1,CHI,10.0,0.5,65.5,1.2,2.2,0.6,0.6,CHI,2.0,59.3,CHI,33.1,CHI,549.1,CHI,0.1,CHI,0.9,OKC,0.0,0.0,CHI,2.6,-17.8,CHI,1.7,0.2,3.9,0.9
408,Tony Snell,NOP,0.5,ATL,2.3,85.0,0.8,NOP,15.5,0.1,100.0,0.3,1.6,0.4,0.2,NOP,0.6,58.6,NOP,35.8,NOP,822.5,NOP,0.0,NOP,1.3,ATL,0.4,35.0,NOP,2.3,4.3,NOP,0.2,0.8,1.8,2.2
409,Torrey Craig,PHX,0.7,PHX,1.9,52.1,1.5,PHX,20.5,0.7,75.0,1.1,2.9,0.9,0.5,PHX,2.0,67.1,PHX,35.8,PHX,1595.8,PHX,0.0,PHX,2.2,PHX,0.6,54.8,PHX,3.1,-2.0,PHX,0.3,0.9,3.0,2.2
410,Trae Young,ATL,0.1,ATL,1.3,54.7,17.3,ATL,34.9,7.3,90.4,0.7,3.1,4.0,0.1,ATL,7.1,52.2,ATL,35.8,ATL,2651.9,ATL,0.0,ATL,17.2,ATL,9.6,47.7,ATL,3.5,4.9,ATL,0.2,1.7,0.8,1.3
411,Tre Jones,SAS,0.2,SAS,0.1,50.0,5.3,SAS,16.6,1.3,78.0,0.4,1.8,0.7,0.1,SAS,2.8,56.7,SAS,32.4,SAS,1148.1,SAS,0.0,SAS,6.7,SAS,0.5,47.4,SAS,2.8,0.4,SAS,0.1,1.2,1.4,1.3
412,Tremont Waters,WAS,0.7,BOS,0.5,46.2,5.0,WAS,16.8,0.0,0.0,0.0,1.3,1.3,0.0,WAS,1.0,33.3,WAS,62.5,WAS,50.3,WAS,0.0,WAS,4.7,BOS,1.5,52.6,WAS,1.0,-6.1,WAS,0.3,3.0,0.0,0.7
413,Trent Forrest,UTA,0.2,UTA,0.7,34.1,5.0,UTA,12.8,0.8,79.2,0.4,1.3,0.8,0.1,UTA,1.9,56.5,UTA,33.6,UTA,765.5,UTA,0.0,UTA,3.1,UTA,0.4,53.8,UTA,2.0,1.2,UTA,0.2,0.9,1.1,1.3
414,Trevor Ariza,LAL,0.4,MIA,4.0,55.8,1.2,LAL,19.3,0.8,55.6,0.4,3.0,0.5,0.3,LAL,1.0,56.5,LAL,33.8,LAL,462.3,LAL,0.0,LAL,1.8,MIA,1.0,32.8,LAL,2.7,5.8,LAL,0.7,1.3,1.5,1.0
415,Trey Burke,DAL,0.1,DAL,2.3,53.9,3.1,DAL,10.5,0.5,87.0,0.1,0.7,0.6,0.0,DAL,1.2,54.9,DAL,41.2,DAL,441.2,DAL,0.0,DAL,2.3,DAL,2.0,49.6,DAL,1.4,0.0,DAL,0.1,0.6,0.4,0.6
416,Trey Lyles,SAC,1.6,SAS,1.5,55.7,3.8,SAC,20.5,3.2,80.2,1.2,3.9,1.0,0.4,SAC,3.8,60.6,SAC,36.4,SAC,1536.3,SAC,1.1,SAC,2.5,SAS,0.8,23.7,SAC,4.2,0.8,SAC,1.3,0.9,3.5,1.9
417,Tristan Thompson,CHI,2.5,BOS,0.1,33.3,0.8,CHI,15.7,2.0,52.6,2.1,2.9,0.8,0.4,CHI,4.5,54.2,CHI,38.5,CHI,896.2,CHI,0.7,CHI,1.1,BOS,0.2,30.0,CHI,2.8,-2.9,CHI,2.8,0.5,3.6,0.9
418,Troy Brown Jr.,CHI,0.6,CHI,2.0,42.5,1.3,CHI,16.0,0.4,76.9,0.6,2.5,0.4,0.1,CHI,1.6,51.9,CHI,39.7,CHI,1054.7,CHI,0.0,CHI,1.5,CHI,0.9,43.8,CHI,2.8,2.7,CHI,0.2,0.7,2.0,1.8
419,Ty Jerome,OKC,0.3,OKC,3.6,61.4,5.8,OKC,16.7,1.0,80.9,0.4,1.2,0.8,0.1,OKC,1.8,50.0,OKC,36.2,OKC,801.1,OKC,0.0,OKC,4.6,OKC,2.8,54.9,OKC,1.8,4.0,OKC,0.2,1.3,0.8,1.1
420,Tyler Cook,CHI,0.8,DET,0.1,75.0,0.3,CHI,10.0,1.6,65.6,0.8,1.9,0.4,0.2,CHI,1.9,60.5,CHI,28.6,CHI,199.6,CHI,0.1,CHI,0.7,DET,0.0,0.0,CHI,2.4,-1.3,CHI,1.6,0.6,1.6,0.7
421,Tyler Herro,MIA,0.4,MIA,2.9,58.2,11.8,MIA,32.6,3.3,86.8,0.5,4.5,2.6,0.1,MIA,5.2,54.5,MIA,35.2,MIA,2151.0,MIA,0.0,MIA,8.1,MIA,5.9,45.3,MIA,4.2,-0.2,MIA,0.2,1.2,2.2,2.4
422,Tyrese Haliburton,IND,0.1,SAC,2.9,64.2,12.1,IND,35.0,2.5,84.2,0.8,3.2,2.6,0.6,IND,3.3,57.8,IND,36.5,IND,2694.1,IND,0.0,IND,15.6,SAC,4.8,50.7,IND,4.8,7.4,IND,0.2,2.8,2.0,2.5
423,Tyrese Maxey,PHI,0.4,PHI,1.1,47.1,8.9,PHI,35.3,3.3,86.6,0.3,2.9,1.2,0.4,PHI,5.8,57.2,PHI,35.9,PHI,2650.4,PHI,0.0,PHI,7.6,PHI,2.7,46.9,PHI,3.9,-1.4,PHI,0.2,1.4,2.9,2.7
424,Tyus Jones,MEM,0.1,MEM,1.6,49.1,5.3,MEM,21.2,0.9,81.8,0.2,2.2,0.6,0.0,MEM,1.8,56.6,MEM,35.2,MEM,1549.4,MEM,0.0,MEM,8.1,MEM,2.6,46.9,MEM,2.2,0.9,MEM,0.2,1.3,0.6,1.3
425,Udoka Azubuike,UTA,0.8,UTA,0.0,0.0,0.0,UTA,11.5,0.6,54.5,1.1,3.1,0.7,0.6,UTA,2.8,77.1,UTA,38.9,UTA,194.9,UTA,0.1,UTA,0.1,UTA,0.0,0.0,UTA,3.3,-10.1,UTA,1.4,0.4,4.6,1.1
426,Udonis Haslem,MIA,0.7,MIA,1.0,100.0,0.1,MIA,6.4,0.2,100.0,0.3,1.6,0.4,0.1,MIA,1.4,50.0,MIA,30.0,MIA,83.2,MIA,0.2,MIA,0.8,MIA,0.0,0.0,MIA,0.7,41.8,MIA,1.0,0.0,0.4,0.8
427,Vernon Carey Jr.,WAS,0.7,CHA,0.6,40.9,0.1,WAS,6.3,1.9,46.2,1.1,0.6,0.4,0.1,WAS,1.1,75.0,WAS,53.8,WAS,44.1,WAS,0.3,WAS,0.4,CHA,0.1,0.0,WAS,2.8,-10.4,WAS,1.0,0.3,2.0,0.9
428,Victor Oladipo,MIA,1.0,MIA,3.8,55.2,6.8,MIA,21.6,2.4,73.7,0.4,2.5,2.0,0.1,MIA,2.9,60.9,MIA,32.4,MIA,173.1,MIA,0.0,MIA,5.4,MIA,6.8,36.7,MIA,2.5,-15.4,MIA,0.3,1.6,2.4,1.6
429,Vlatko Cancar,DEN,0.1,DEN,0.7,45.0,1.1,DEN,11.8,0.9,64.3,0.5,1.5,0.6,0.2,DEN,1.6,62.5,DEN,38.2,DEN,176.3,DEN,0.1,DEN,2.5,DEN,0.1,20.0,DEN,2.2,-1.8,DEN,0.2,0.2,1.8,1.2
430,Wayne Ellington,LAL,0.4,DET,3.9,56.6,0.7,LAL,18.8,0.3,81.8,0.2,1.6,0.4,0.1,LAL,0.3,80.0,LAL,35.7,LAL,810.2,LAL,0.0,LAL,1.3,DET,2.5,67.1,LAL,2.0,1.8,LAL,0.1,1.1,1.2,1.6
431,Wendell Carter Jr.,ORL,1.8,ORL,2.5,44.5,2.8,ORL,29.9,3.3,69.1,2.2,8.2,1.9,0.7,ORL,5.6,65.5,ORL,40.5,ORL,1851.6,ORL,1.5,ORL,5.1,ORL,0.4,20.0,ORL,5.3,-11.3,ORL,3.7,1.1,5.0,2.6
432,Wenyen Gabriel,LAL,1.1,NOP,1.4,65.0,1.0,LAL,13.8,1.6,59.5,1.5,2.2,0.6,0.4,LAL,3.1,59.0,LAL,29.5,LAL,358.8,LAL,0.1,LAL,1.2,NOP,0.1,33.3,LAL,3.2,2.7,LAL,1.3,0.7,3.6,2.2
433,Wes Iwundu,ATL,0.7,NOP,1.0,19.2,2.3,ATL,27.4,1.3,75.0,1.0,3.3,0.3,0.0,ATL,2.7,37.5,ATL,45.5,ATL,82.2,ATL,0.0,ATL,2.0,NOP,0.2,25.0,ATL,4.3,9.8,ATL,0.0,1.3,3.3,1.7
434,Wesley Matthews,MIL,0.9,LAL,2.9,51.8,1.3,MIL,20.5,0.6,78.6,0.6,1.3,0.4,0.2,MIL,1.2,56.1,MIL,33.9,MIL,1002.2,MIL,0.0,MIL,1.3,LAL,0.8,37.0,MIL,2.2,-2.3,MIL,0.3,1.6,2.3,1.5
435,Will Barton,DEN,0.1,DEN,3.0,58.1,6.1,DEN,32.1,1.8,80.3,0.6,4.2,1.8,0.4,DEN,4.5,54.3,DEN,37.4,DEN,2276.5,DEN,0.1,DEN,6.6,DEN,3.1,46.6,DEN,3.9,2.8,DEN,0.1,1.3,2.2,2.3
436,Willie Cauley-Stein,PHI,0.7,DAL,0.3,30.6,0.3,PHI,9.1,0.1,50.0,0.7,1.4,0.4,0.2,PHI,1.4,44.8,PHI,31.0,PHI,182.8,PHI,0.1,PHI,0.8,DAL,0.1,50.0,PHI,2.4,3.4,PHI,1.8,0.6,2.0,0.9
437,Willy Hernangomez,NOP,1.4,NOP,0.4,32.4,0.2,NOP,16.8,2.8,77.3,2.9,3.9,1.0,0.4,NOP,6.0,54.2,NOP,40.9,NOP,839.0,NOP,1.6,NOP,2.2,NOP,0.1,25.0,NOP,4.3,0.7,NOP,2.6,0.9,4.5,1.3
438,Xavier Tillman,MEM,0.9,MEM,1.6,52.6,0.6,MEM,13.2,1.3,64.8,1.2,1.8,0.6,0.3,MEM,2.6,55.4,MEM,38.6,MEM,700.5,MEM,0.5,MEM,2.1,MEM,0.4,59.1,MEM,2.8,-5.2,MEM,1.4,1.3,2.5,1.4
439,Yuta Watanabe,TOR,0.4,TOR,1.7,60.9,1.1,TOR,11.7,1.1,60.0,0.5,1.9,0.5,0.4,TOR,1.1,51.2,TOR,40.2,TOR,445.5,TOR,0.0,TOR,1.2,TOR,0.6,28.6,TOR,2.3,-10.7,TOR,0.1,0.5,2.0,1.3
440,Zach LaVine,CHI,0.4,CHI,2.8,68.5,9.9,CHI,34.7,5.6,85.3,0.3,4.3,2.6,0.3,CHI,6.2,62.8,CHI,43.4,CHI,2328.1,CHI,0.4,CHI,8.8,CHI,8.6,54.5,CHI,3.5,-0.6,CHI,0.5,1.0,2.5,3.4
441,Zeke Nnaji,DEN,1.3,DEN,1.5,58.6,0.6,DEN,17.0,1.6,63.1,1.4,2.2,0.6,0.3,DEN,2.3,59.1,DEN,37.5,DEN,697.6,DEN,0.1,DEN,0.8,DEN,0.1,50.0,DEN,3.0,4.4,DEN,0.9,0.8,2.0,1.7
